dataset,mode,scaling_mode,ranks,repeat,target_nodes,target_edges,nodes,edges,edges_per_rank,pr_time_s,total_time_s,comm_time_s,dangling_reduce_s,diff_reduce_s,allgatherv_s,iterations,max_error,status,work_nodes_min,work_nodes_avg,work_nodes_max,work_inedges_min,work_inedges_avg,work_inedges_max,work_imbalance,weak_efficiency
weak_1rank_12500_125000,directed,weak,1,1,12500,125000,12500,125000,125000.00,0.003165000,0.020617000,0.000039000,0.000002000,0.000001000,0.000036000,19,0.000000e+00,PASS,12500,12500.00,12500,125000,125000.00,125000,1.000,1.000000000
weak_1rank_12500_125000,directed,weak,1,2,12500,125000,12500,125000,125000.00,0.003923000,0.016968000,0.000050000,0.000002000,0.000002000,0.000046000,19,0.000000e+00,PASS,12500,12500.00,12500,125000,125000.00,125000,1.000,1.000000000
weak_1rank_12500_125000,directed,weak,1,3,12500,125000,12500,125000,125000.00,0.003124000,0.015268000,0.000038000,0.000001000,0.000001000,0.000036000,19,0.000000e+00,PASS,12500,12500.00,12500,125000,125000.00,125000,1.000,1.000000000
weak_1rank_12500_125000,directed,weak,1,4,12500,125000,12500,125000,125000.00,0.003147000,0.014331000,0.000039000,0.000002000,0.000001000,0.000036000,19,0.000000e+00,PASS,12500,12500.00,12500,125000,125000.00,125000,1.000,1.000000000
weak_1rank_12500_125000,directed,weak,1,5,12500,125000,12500,125000,125000.00,0.003193000,0.014698000,0.000038000,0.000002000,0.000001000,0.000035000,19,0.000000e+00,PASS,12500,12500.00,12500,125000,125000.00,125000,1.000,1.000000000
weak_2rank_25000_250000,directed,weak,2,1,25000,250000,25000,250000,125000.00,0.004464000,0.038361000,0.000711000,0.000041000,0.000218000,0.000457000,19,0.000000e+00,PASS,12500,12500.00,12500,120935,125000.00,129065,1.033,0.741577061
weak_2rank_25000_250000,directed,weak,2,2,25000,250000,25000,250000,125000.00,0.005586000,0.043444000,0.001256000,0.000083000,0.000636000,0.000555000,19,0.000000e+00,PASS,12500,12500.00,12500,120935,125000.00,129065,1.033,0.592624418
weak_2rank_25000_250000,directed,weak,2,3,25000,250000,25000,250000,125000.00,0.003757000,0.031820000,0.000561000,0.000028000,0.000117000,0.000416000,19,0.000000e+00,PASS,12500,12500.00,12500,120935,125000.00,129065,1.033,0.881128560
weak_2rank_25000_250000,directed,weak,2,4,25000,250000,25000,250000,125000.00,0.009106000,0.044604000,0.004722000,0.000030000,0.004177000,0.004522000,19,0.000000e+00,PASS,12500,12500.00,12500,120935,125000.00,129065,1.033,0.363540523
weak_2rank_25000_250000,directed,weak,2,5,25000,250000,25000,250000,125000.00,0.003814000,0.033125000,0.000644000,0.000040000,0.000221000,0.000399000,19,0.000000e+00,PASS,12500,12500.00,12500,120935,125000.00,129065,1.033,0.867960147
weak_4rank_50000_500000,directed,weak,4,1,50000,500000,50000,500000,125000.00,0.006059000,0.097251000,0.002734000,0.000371000,0.000463000,0.002191000,19,0.000000e+00,PASS,12500,12500.00,12500,116052,125000.00,130474,1.044,0.546360786
weak_4rank_50000_500000,directed,weak,4,2,50000,500000,50000,500000,125000.00,0.011673000,0.088671000,0.007290000,0.004201000,0.000707000,0.006131000,19,0.000000e+00,PASS,12500,12500.00,12500,116052,125000.00,130474,1.044,0.283594620
weak_4rank_50000_500000,directed,weak,4,3,50000,500000,50000,500000,125000.00,0.006297000,0.091114000,0.002886000,0.000358000,0.000538000,0.002244000,19,0.000000e+00,PASS,12500,12500.00,12500,116052,125000.00,130474,1.044,0.525710656
weak_4rank_50000_500000,directed,weak,4,4,50000,500000,50000,500000,125000.00,0.006181000,0.089781000,0.002807000,0.000360000,0.000494000,0.002208000,19,0.000000e+00,PASS,12500,12500.00,12500,116052,125000.00,130474,1.044,0.535576768
weak_4rank_50000_500000,directed,weak,4,5,50000,500000,50000,500000,125000.00,0.007498000,0.092884000,0.003168000,0.000382000,0.000652000,0.002398000,19,0.000000e+00,PASS,12500,12500.00,12500,116052,125000.00,130474,1.044,0.441504401
weak_8rank_100000_1000000,directed,weak,8,1,100000,1000000,100000,1000000,125000.00,0.009203000,0.242053000,0.005406000,0.000451000,0.000748000,0.004433000,19,0.000000e+00,PASS,12500,12500.00,12500,112315,125000.00,130540,1.044,0.359708791
weak_8rank_100000_1000000,directed,weak,8,2,100000,1000000,100000,1000000,125000.00,0.012071000,0.257495000,0.008261000,0.000363000,0.003287000,0.004801000,19,0.000000e+00,PASS,12500,12500.00,12500,112315,125000.00,130540,1.044,0.274244056
weak_8rank_100000_1000000,directed,weak,8,3,100000,1000000,100000,1000000,125000.00,0.012071000,0.260835000,0.006794000,0.000585000,0.001515000,0.005055000,19,0.000000e+00,PASS,12500,12500.00,12500,112315,125000.00,130540,1.044,0.274244056
weak_8rank_100000_1000000,directed,weak,8,4,100000,1000000,100000,1000000,125000.00,0.011805000,0.252978000,0.006378000,0.000813000,0.001325000,0.004744000,19,0.000000e+00,PASS,12500,12500.00,12500,112315,125000.00,130540,1.044,0.280423549
weak_8rank_100000_1000000,directed,weak,8,5,100000,1000000,100000,1000000,125000.00,0.012786000,0.282478000,0.007272000,0.000496000,0.001952000,0.004964000,19,0.000000e+00,PASS,12500,12500.00,12500,112315,125000.00,130540,1.044,0.258908181
weak_16rank_200000_2000000,directed,weak,16,1,200000,2000000,200000,2000000,125000.00,0.016720000,0.551987000,0.010290000,0.000915000,0.001476000,0.008568000,19,0.000000e+00,PASS,12500,12500.00,12500,107385,125000.00,131324,1.051,0.197990431
weak_16rank_200000_2000000,directed,weak,16,2,200000,2000000,200000,2000000,125000.00,0.019944000,0.573511000,0.012253000,0.001273000,0.002748000,0.009190000,19,0.000000e+00,PASS,12500,12500.00,12500,107385,125000.00,131324,1.051,0.165984757
weak_16rank_200000_2000000,directed,weak,16,3,200000,2000000,200000,2000000,125000.00,0.032930000,0.571108000,0.025416000,0.001632000,0.014023000,0.011057000,19,0.000000e+00,PASS,12500,12500.00,12500,107385,125000.00,131324,1.051,0.100528394
weak_16rank_200000_2000000,directed,weak,16,4,200000,2000000,200000,2000000,125000.00,0.032040000,0.615872000,0.024566000,0.002001000,0.013565000,0.010611000,19,0.000000e+00,PASS,12500,12500.00,12500,107385,125000.00,131324,1.051,0.103320849
weak_16rank_200000_2000000,directed,weak,16,5,200000,2000000,200000,2000000,125000.00,0.020221000,0.566076000,0.012914000,0.001382000,0.002258000,0.010253000,19,0.000000e+00,PASS,12500,12500.00,12500,107385,125000.00,131324,1.051,0.163710994
