dataset,mode,variant,ranks,threads,total_workers,repeat,pr_time_s,total_time_s,comm_time_s,comm_fraction,dangling_reduce_s,diff_reduce_s,allgatherv_s,iterations,max_error,status,work_nodes_min,work_nodes_avg,work_nodes_max,work_inedges_min,work_inedges_avg,work_inedges_max,work_imbalance
synthetic_100k_1m,directed,no_inv_static,1,16,16,1,0.032337000,0.219330000,0.000424000,0.013111915,0.000005000,0.000007000,0.000412000,19,1.016440e-20,PASS,100000,100000.00,100000,1000000,1000000.00,1000000,1.000
synthetic_100k_1m,directed,no_inv_static,1,16,16,2,0.037245000,0.227042000,0.000491000,0.013182978,0.000005000,0.000009000,0.000478000,19,1.016440e-20,PASS,100000,100000.00,100000,1000000,1000000.00,1000000,1.000
synthetic_100k_1m,directed,no_inv_static,1,16,16,3,0.036473000,0.224197000,0.000459000,0.012584652,0.000005000,0.000013000,0.000440000,19,1.016440e-20,PASS,100000,100000.00,100000,1000000,1000000.00,1000000,1.000
synthetic_100k_1m,directed,no_inv_static,1,16,16,4,0.032646000,0.216331000,0.000406000,0.012436439,0.000005000,0.000008000,0.000393000,19,1.016440e-20,PASS,100000,100000.00,100000,1000000,1000000.00,1000000,1.000
synthetic_100k_1m,directed,no_inv_static,1,16,16,5,0.034073000,0.227951000,0.000427000,0.012531917,0.000005000,0.000006000,0.000416000,19,1.016440e-20,PASS,100000,100000.00,100000,1000000,1000000.00,1000000,1.000
synthetic_100k_1m,directed,no_inv_static,1,16,16,6,0.031910000,0.228809000,0.000419000,0.013130680,0.000005000,0.000006000,0.000408000,19,1.016440e-20,PASS,100000,100000.00,100000,1000000,1000000.00,1000000,1.000
synthetic_100k_1m,directed,no_inv_static,1,16,16,7,0.031940000,0.207992000,0.000420000,0.013149656,0.000006000,0.000006000,0.000408000,19,1.016440e-20,PASS,100000,100000.00,100000,1000000,1000000.00,1000000,1.000
synthetic_100k_1m,directed,no_inv_static,1,16,16,8,0.036920000,0.238864000,0.000429000,0.011619718,0.000005000,0.000009000,0.000415000,19,1.016440e-20,PASS,100000,100000.00,100000,1000000,1000000.00,1000000,1.000
synthetic_100k_1m,directed,no_inv_static,1,16,16,9,0.046005000,0.228571000,0.000441000,0.009585915,0.000004000,0.000007000,0.000429000,19,1.016440e-20,PASS,100000,100000.00,100000,1000000,1000000.00,1000000,1.000
synthetic_100k_1m,directed,no_inv_static,1,16,16,10,0.032803000,0.214565000,0.000456000,0.013901168,0.000004000,0.000007000,0.000445000,19,1.016440e-20,PASS,100000,100000.00,100000,1000000,1000000.00,1000000,1.000
synthetic_100k_1m,directed,no_inv_static,4,4,16,1,0.010479000,0.217054000,0.007163000,0.683557591,0.002232000,0.000323000,0.004965000,19,1.016440e-20,PASS,25000,25000.00,25000,232755,250000.00,261014,1.044
synthetic_100k_1m,directed,no_inv_static,4,4,16,2,0.014721000,0.222249000,0.011435000,0.776781469,0.003590000,0.002940000,0.005214000,19,1.016440e-20,PASS,25000,25000.00,25000,232755,250000.00,261014,1.044
synthetic_100k_1m,directed,no_inv_static,4,4,16,3,0.009727000,0.219780000,0.006442000,0.662280251,0.000487000,0.000323000,0.005808000,19,1.016440e-20,PASS,25000,25000.00,25000,232755,250000.00,261014,1.044
synthetic_100k_1m,directed,no_inv_static,4,4,16,4,0.013449000,0.219343000,0.009751000,0.725035319,0.002136000,0.002962000,0.005001000,19,1.016440e-20,PASS,25000,25000.00,25000,232755,250000.00,261014,1.044
synthetic_100k_1m,directed,no_inv_static,4,4,16,5,0.017796000,0.231640000,0.011665000,0.655484379,0.005368000,0.000767000,0.005864000,19,1.016440e-20,PASS,25000,25000.00,25000,232755,250000.00,261014,1.044
synthetic_100k_1m,directed,no_inv_static,4,4,16,6,0.010778000,0.214102000,0.007456000,0.691779551,0.002620000,0.000238000,0.004939000,19,1.016440e-20,PASS,25000,25000.00,25000,232755,250000.00,261014,1.044
synthetic_100k_1m,directed,no_inv_static,4,4,16,7,0.012720000,0.213768000,0.009445000,0.742531447,0.002051000,0.002758000,0.005098000,19,1.016440e-20,PASS,25000,25000.00,25000,232755,250000.00,261014,1.044
synthetic_100k_1m,directed,no_inv_static,4,4,16,8,0.009053000,0.208137000,0.005610000,0.619684083,0.000658000,0.000428000,0.005121000,19,1.016440e-20,PASS,25000,25000.00,25000,232755,250000.00,261014,1.044
synthetic_100k_1m,directed,no_inv_static,4,4,16,9,0.015679000,0.203441000,0.012466000,0.795076217,0.003827000,0.003415000,0.005843000,19,1.016440e-20,PASS,25000,25000.00,25000,232755,250000.00,261014,1.044
synthetic_100k_1m,directed,no_inv_static,4,4,16,10,0.012072000,0.208253000,0.007521000,0.623011928,0.000976000,0.000967000,0.006140000,19,1.016440e-20,PASS,25000,25000.00,25000,232755,250000.00,261014,1.044
synthetic_100k_1m,directed,inv_static,1,16,16,1,0.034000000,0.222896000,0.000437000,0.012852941,0.000005000,0.000006000,0.000425000,19,0.000000e+00,PASS,100000,100000.00,100000,1000000,1000000.00,1000000,1.000
synthetic_100k_1m,directed,inv_static,1,16,16,2,0.031643000,0.217724000,0.000394000,0.012451411,0.000003000,0.000007000,0.000383000,19,0.000000e+00,PASS,100000,100000.00,100000,1000000,1000000.00,1000000,1.000
synthetic_100k_1m,directed,inv_static,1,16,16,3,0.029472000,0.217670000,0.000391000,0.013266830,0.000005000,0.000008000,0.000379000,19,0.000000e+00,PASS,100000,100000.00,100000,1000000,1000000.00,1000000,1.000
synthetic_100k_1m,directed,inv_static,1,16,16,4,0.030459000,0.218499000,0.000419000,0.013756197,0.000005000,0.000008000,0.000405000,19,0.000000e+00,PASS,100000,100000.00,100000,1000000,1000000.00,1000000,1.000
synthetic_100k_1m,directed,inv_static,1,16,16,5,0.031800000,0.224947000,0.000409000,0.012861635,0.000005000,0.000007000,0.000396000,19,0.000000e+00,PASS,100000,100000.00,100000,1000000,1000000.00,1000000,1.000
synthetic_100k_1m,directed,inv_static,1,16,16,6,0.035676000,0.220055000,0.000464000,0.013005942,0.000006000,0.000008000,0.000450000,19,0.000000e+00,PASS,100000,100000.00,100000,1000000,1000000.00,1000000,1.000
synthetic_100k_1m,directed,inv_static,1,16,16,7,0.030940000,0.210743000,0.000482000,0.015578539,0.000005000,0.000008000,0.000469000,19,0.000000e+00,PASS,100000,100000.00,100000,1000000,1000000.00,1000000,1.000
synthetic_100k_1m,directed,inv_static,1,16,16,8,0.051021000,0.251026000,0.000480000,0.009407891,0.000008000,0.000009000,0.000464000,19,0.000000e+00,PASS,100000,100000.00,100000,1000000,1000000.00,1000000,1.000
synthetic_100k_1m,directed,inv_static,1,16,16,9,0.031499000,0.223394000,0.000432000,0.013714721,0.000005000,0.000006000,0.000421000,19,0.000000e+00,PASS,100000,100000.00,100000,1000000,1000000.00,1000000,1.000
synthetic_100k_1m,directed,inv_static,1,16,16,10,0.030412000,0.225593000,0.000395000,0.012988294,0.000005000,0.000007000,0.000384000,19,0.000000e+00,PASS,100000,100000.00,100000,1000000,1000000.00,1000000,1.000
synthetic_100k_1m,directed,inv_static,4,4,16,1,0.015275000,0.218197000,0.012054000,0.789132570,0.002741000,0.004655000,0.004685000,19,0.000000e+00,PASS,25000,25000.00,25000,232755,250000.00,261014,1.044
synthetic_100k_1m,directed,inv_static,4,4,16,2,0.014324000,0.212584000,0.009625000,0.671949176,0.001083000,0.003227000,0.005359000,19,0.000000e+00,PASS,25000,25000.00,25000,232755,250000.00,261014,1.044
synthetic_100k_1m,directed,inv_static,4,4,16,3,0.009474000,0.225932000,0.006161000,0.650306101,0.000971000,0.000252000,0.005553000,19,0.000000e+00,PASS,25000,25000.00,25000,232755,250000.00,261014,1.044
synthetic_100k_1m,directed,inv_static,4,4,16,4,0.017149000,0.209608000,0.009664000,0.563531401,0.003990000,0.000581000,0.005928000,19,0.000000e+00,PASS,25000,25000.00,25000,232755,250000.00,261014,1.044
synthetic_100k_1m,directed,inv_static,4,4,16,5,0.012903000,0.222134000,0.009494000,0.735797876,0.000948000,0.004280000,0.004503000,19,0.000000e+00,PASS,25000,25000.00,25000,232755,250000.00,261014,1.044
synthetic_100k_1m,directed,inv_static,4,4,16,6,0.016405000,0.213651000,0.013092000,0.798049375,0.003901000,0.004502000,0.005064000,19,0.000000e+00,PASS,25000,25000.00,25000,232755,250000.00,261014,1.044
synthetic_100k_1m,directed,inv_static,4,4,16,7,0.009567000,0.219123000,0.006068000,0.634263615,0.000572000,0.000782000,0.004921000,19,0.000000e+00,PASS,25000,25000.00,25000,232755,250000.00,261014,1.044
synthetic_100k_1m,directed,inv_static,4,4,16,8,0.016771000,0.225992000,0.013392000,0.798521257,0.003283000,0.005024000,0.005816000,19,0.000000e+00,PASS,25000,25000.00,25000,232755,250000.00,261014,1.044
synthetic_100k_1m,directed,inv_static,4,4,16,9,0.015439000,0.219117000,0.007292000,0.472310383,0.001840000,0.000685000,0.005103000,19,0.000000e+00,PASS,25000,25000.00,25000,232755,250000.00,261014,1.044
synthetic_100k_1m,directed,inv_static,4,4,16,10,0.013848000,0.215250000,0.010661000,0.769858463,0.001995000,0.004298000,0.004402000,19,0.000000e+00,PASS,25000,25000.00,25000,232755,250000.00,261014,1.044
synthetic_100k_1m,directed,no_inv_dynamic,1,16,16,1,0.037449000,0.231148000,0.000403000,0.010761302,0.000005000,0.000006000,0.000392000,19,1.016440e-20,PASS,100000,100000.00,100000,1000000,1000000.00,1000000,1.000
synthetic_100k_1m,directed,no_inv_dynamic,1,16,16,2,0.035557000,0.216148000,0.000472000,0.013274461,0.000005000,0.000007000,0.000460000,19,1.016440e-20,PASS,100000,100000.00,100000,1000000,1000000.00,1000000,1.000
synthetic_100k_1m,directed,no_inv_dynamic,1,16,16,3,0.038534000,0.233087000,0.000472000,0.012248923,0.000005000,0.000009000,0.000457000,19,1.016440e-20,PASS,100000,100000.00,100000,1000000,1000000.00,1000000,1.000
synthetic_100k_1m,directed,no_inv_dynamic,1,16,16,4,0.047626000,0.258242000,0.000454000,0.009532608,0.000007000,0.000008000,0.000438000,19,1.016440e-20,PASS,100000,100000.00,100000,1000000,1000000.00,1000000,1.000
synthetic_100k_1m,directed,no_inv_dynamic,1,16,16,5,0.067291000,0.313114000,0.000526000,0.007816796,0.000007000,0.000008000,0.000511000,19,1.016440e-20,PASS,100000,100000.00,100000,1000000,1000000.00,1000000,1.000
synthetic_100k_1m,directed,no_inv_dynamic,1,16,16,6,0.031198000,0.218848000,0.000428000,0.013718828,0.000004000,0.000008000,0.000417000,19,1.016440e-20,PASS,100000,100000.00,100000,1000000,1000000.00,1000000,1.000
synthetic_100k_1m,directed,no_inv_dynamic,1,16,16,7,0.033226000,0.217735000,0.000409000,0.012309637,0.000005000,0.000008000,0.000395000,19,1.016440e-20,PASS,100000,100000.00,100000,1000000,1000000.00,1000000,1.000
synthetic_100k_1m,directed,no_inv_dynamic,1,16,16,8,0.033781000,0.229845000,0.000460000,0.013617122,0.000005000,0.000006000,0.000449000,19,1.016440e-20,PASS,100000,100000.00,100000,1000000,1000000.00,1000000,1.000
synthetic_100k_1m,directed,no_inv_dynamic,1,16,16,9,0.031162000,0.218787000,0.000412000,0.013221231,0.000005000,0.000007000,0.000400000,19,1.016440e-20,PASS,100000,100000.00,100000,1000000,1000000.00,1000000,1.000
synthetic_100k_1m,directed,no_inv_dynamic,1,16,16,10,0.031973000,0.209983000,0.000433000,0.013542677,0.000006000,0.000008000,0.000419000,19,1.016440e-20,PASS,100000,100000.00,100000,1000000,1000000.00,1000000,1.000
synthetic_100k_1m,directed,no_inv_dynamic,4,4,16,1,0.014900000,0.258694000,0.010032000,0.673288591,0.002015000,0.002242000,0.006040000,19,1.016440e-20,PASS,25000,25000.00,25000,232755,250000.00,261014,1.044
synthetic_100k_1m,directed,no_inv_dynamic,4,4,16,2,0.010888000,0.214721000,0.007336000,0.673769287,0.000827000,0.001876000,0.005141000,19,1.016440e-20,PASS,25000,25000.00,25000,232755,250000.00,261014,1.044
synthetic_100k_1m,directed,no_inv_dynamic,4,4,16,3,0.010665000,0.204270000,0.006950000,0.651664323,0.001126000,0.001007000,0.005111000,19,1.016440e-20,PASS,25000,25000.00,25000,232755,250000.00,261014,1.044
synthetic_100k_1m,directed,no_inv_dynamic,4,4,16,4,0.015053000,0.208943000,0.009630000,0.639739587,0.002705000,0.001829000,0.005743000,19,1.016440e-20,PASS,25000,25000.00,25000,232755,250000.00,261014,1.044
synthetic_100k_1m,directed,no_inv_dynamic,4,4,16,5,0.009824000,0.202266000,0.005477000,0.557512215,0.000589000,0.000622000,0.004511000,19,1.016440e-20,PASS,25000,25000.00,25000,232755,250000.00,261014,1.044
synthetic_100k_1m,directed,no_inv_dynamic,4,4,16,6,0.011260000,0.219902000,0.007815000,0.694049734,0.002495000,0.000168000,0.005210000,19,1.016440e-20,PASS,25000,25000.00,25000,232755,250000.00,261014,1.044
synthetic_100k_1m,directed,no_inv_dynamic,4,4,16,7,0.011949000,0.273869000,0.008402000,0.703155076,0.001756000,0.001761000,0.005452000,19,1.016440e-20,PASS,25000,25000.00,25000,232755,250000.00,261014,1.044
synthetic_100k_1m,directed,no_inv_dynamic,4,4,16,8,0.010765000,0.204112000,0.007481000,0.694937297,0.001945000,0.000659000,0.004935000,19,1.016440e-20,PASS,25000,25000.00,25000,232755,250000.00,261014,1.044
synthetic_100k_1m,directed,no_inv_dynamic,4,4,16,9,0.014590000,0.238690000,0.010691000,0.732762166,0.005965000,0.000295000,0.004767000,19,1.016440e-20,PASS,25000,25000.00,25000,232755,250000.00,261014,1.044
synthetic_100k_1m,directed,no_inv_dynamic,4,4,16,10,0.014346000,0.229100000,0.010630000,0.740973094,0.003964000,0.001906000,0.005402000,19,1.016440e-20,PASS,25000,25000.00,25000,232755,250000.00,261014,1.044
synthetic_100k_1m,directed,inv_dynamic,1,16,16,1,0.028500000,0.225148000,0.000392000,0.013754386,0.000006000,0.000009000,0.000377000,19,0.000000e+00,PASS,100000,100000.00,100000,1000000,1000000.00,1000000,1.000
synthetic_100k_1m,directed,inv_dynamic,1,16,16,2,0.032036000,0.229726000,0.000473000,0.014764640,0.000006000,0.000009000,0.000458000,19,0.000000e+00,PASS,100000,100000.00,100000,1000000,1000000.00,1000000,1.000
synthetic_100k_1m,directed,inv_dynamic,1,16,16,3,0.029231000,0.213600000,0.000426000,0.014573569,0.000005000,0.000008000,0.000413000,19,0.000000e+00,PASS,100000,100000.00,100000,1000000,1000000.00,1000000,1.000
synthetic_100k_1m,directed,inv_dynamic,1,16,16,4,0.029399000,0.227082000,0.000423000,0.014388244,0.000006000,0.000009000,0.000407000,19,0.000000e+00,PASS,100000,100000.00,100000,1000000,1000000.00,1000000,1.000
synthetic_100k_1m,directed,inv_dynamic,1,16,16,5,0.034651000,0.229536000,0.000492000,0.014198724,0.000004000,0.000014000,0.000474000,19,0.000000e+00,PASS,100000,100000.00,100000,1000000,1000000.00,1000000,1.000
synthetic_100k_1m,directed,inv_dynamic,1,16,16,6,0.029646000,0.224169000,0.000468000,0.015786278,0.000005000,0.000008000,0.000455000,19,0.000000e+00,PASS,100000,100000.00,100000,1000000,1000000.00,1000000,1.000
synthetic_100k_1m,directed,inv_dynamic,1,16,16,7,0.035657000,0.221665000,0.000441000,0.012367838,0.000004000,0.000007000,0.000431000,19,0.000000e+00,PASS,100000,100000.00,100000,1000000,1000000.00,1000000,1.000
synthetic_100k_1m,directed,inv_dynamic,1,16,16,8,0.029203000,0.215118000,0.000452000,0.015477862,0.000006000,0.000008000,0.000439000,19,0.000000e+00,PASS,100000,100000.00,100000,1000000,1000000.00,1000000,1.000
synthetic_100k_1m,directed,inv_dynamic,1,16,16,9,0.029965000,0.214410000,0.000454000,0.015151010,0.000005000,0.000008000,0.000441000,19,0.000000e+00,PASS,100000,100000.00,100000,1000000,1000000.00,1000000,1.000
synthetic_100k_1m,directed,inv_dynamic,1,16,16,10,0.030083000,0.223042000,0.000424000,0.014094339,0.000004000,0.000007000,0.000413000,19,0.000000e+00,PASS,100000,100000.00,100000,1000000,1000000.00,1000000,1.000
synthetic_100k_1m,directed,inv_dynamic,4,4,16,1,0.010272000,0.222594000,0.006846000,0.666471963,0.002177000,0.000342000,0.005190000,19,0.000000e+00,PASS,25000,25000.00,25000,232755,250000.00,261014,1.044
synthetic_100k_1m,directed,inv_dynamic,4,4,16,2,0.011710000,0.206731000,0.007422000,0.633817250,0.000958000,0.001329000,0.005962000,19,0.000000e+00,PASS,25000,25000.00,25000,232755,250000.00,261014,1.044
synthetic_100k_1m,directed,inv_dynamic,4,4,16,3,0.008682000,0.216660000,0.005390000,0.620824695,0.000613000,0.000221000,0.004681000,19,0.000000e+00,PASS,25000,25000.00,25000,232755,250000.00,261014,1.044
synthetic_100k_1m,directed,inv_dynamic,4,4,16,4,0.011191000,0.220323000,0.007834000,0.700026807,0.002162000,0.001303000,0.004520000,19,0.000000e+00,PASS,25000,25000.00,25000,232755,250000.00,261014,1.044
synthetic_100k_1m,directed,inv_dynamic,4,4,16,5,0.009389000,0.210120000,0.006057000,0.645116626,0.000606000,0.000325000,0.005507000,19,0.000000e+00,PASS,25000,25000.00,25000,232755,250000.00,261014,1.044
synthetic_100k_1m,directed,inv_dynamic,4,4,16,6,0.009347000,0.204328000,0.005858000,0.626725152,0.000263000,0.000525000,0.005107000,19,0.000000e+00,PASS,25000,25000.00,25000,232755,250000.00,261014,1.044
synthetic_100k_1m,directed,inv_dynamic,4,4,16,7,0.008893000,0.209219000,0.005521000,0.620825368,0.000813000,0.000195000,0.004912000,19,0.000000e+00,PASS,25000,25000.00,25000,232755,250000.00,261014,1.044
synthetic_100k_1m,directed,inv_dynamic,4,4,16,8,0.012382000,0.210462000,0.009221000,0.744710063,0.003020000,0.001430000,0.005096000,19,0.000000e+00,PASS,25000,25000.00,25000,232755,250000.00,261014,1.044
synthetic_100k_1m,directed,inv_dynamic,4,4,16,9,0.009516000,0.203242000,0.006226000,0.654266499,0.000383000,0.001323000,0.004530000,19,0.000000e+00,PASS,25000,25000.00,25000,232755,250000.00,261014,1.044
synthetic_100k_1m,directed,inv_dynamic,4,4,16,10,0.009539000,0.206392000,0.006145000,0.644197505,0.001310000,0.000267000,0.005008000,19,0.000000e+00,PASS,25000,25000.00,25000,232755,250000.00,261014,1.044
