dataset,mode,variant,ranks,threads,total_workers,repeat,pr_time_s,total_time_s,comm_time_s,comm_fraction,dangling_reduce_s,diff_reduce_s,allgatherv_s,update_time_s,iterations,max_error,status,work_nodes_min,work_nodes_avg,work_nodes_max,work_inedges_min,work_inedges_avg,work_inedges_max,work_imbalance,thread_inedges_min,thread_inedges_avg,thread_inedges_max,thread_imbalance,thread_workers
synthetic_100k_1m,directed,no_inv_static,1,1,1,1,0.033904000,0.224269000,0.000373000,0.011001652,0.000003000,0.000005000,0.000364000,0.031373000,19,1.016440e-20,PASS,100000,100000.00,100000,1000000,1000000.00,1000000,1.000,1000000,1000000.00,1000000,1.000000,1
synthetic_100k_1m,directed,no_inv_static,1,1,1,2,0.051961000,0.311772000,0.000574000,0.011046747,0.000008000,0.000010000,0.000556000,0.048596000,19,1.016440e-20,PASS,100000,100000.00,100000,1000000,1000000.00,1000000,1.000,1000000,1000000.00,1000000,1.000000,1
synthetic_100k_1m,directed,no_inv_static,1,1,1,3,0.034959000,0.242721000,0.000431000,0.012328728,0.000003000,0.000005000,0.000423000,0.032134000,19,1.016440e-20,PASS,100000,100000.00,100000,1000000,1000000.00,1000000,1.000,1000000,1000000.00,1000000,1.000000,1
synthetic_100k_1m,directed,no_inv_static,1,1,1,4,0.032848000,0.229052000,0.000351000,0.010685582,0.000002000,0.000005000,0.000345000,0.030409000,19,1.016440e-20,PASS,100000,100000.00,100000,1000000,1000000.00,1000000,1.000,1000000,1000000.00,1000000,1.000000,1
synthetic_100k_1m,directed,no_inv_static,1,1,1,5,0.032566000,0.224891000,0.000385000,0.011822146,0.000003000,0.000005000,0.000376000,0.029933000,19,1.016440e-20,PASS,100000,100000.00,100000,1000000,1000000.00,1000000,1.000,1000000,1000000.00,1000000,1.000000,1
synthetic_100k_1m,directed,no_inv_static,1,1,1,6,0.037811000,0.235426000,0.000463000,0.012245114,0.000003000,0.000005000,0.000456000,0.034944000,19,1.016440e-20,PASS,100000,100000.00,100000,1000000,1000000.00,1000000,1.000,1000000,1000000.00,1000000,1.000000,1
synthetic_100k_1m,directed,no_inv_static,1,1,1,7,0.033971000,0.222458000,0.000405000,0.011921933,0.000003000,0.000005000,0.000396000,0.031066000,19,1.016440e-20,PASS,100000,100000.00,100000,1000000,1000000.00,1000000,1.000,1000000,1000000.00,1000000,1.000000,1
synthetic_100k_1m,directed,no_inv_static,1,1,1,8,0.031482000,0.226569000,0.000367000,0.011657455,0.000003000,0.000004000,0.000360000,0.028894000,19,1.016440e-20,PASS,100000,100000.00,100000,1000000,1000000.00,1000000,1.000,1000000,1000000.00,1000000,1.000000,1
synthetic_100k_1m,directed,no_inv_static,1,1,1,9,0.034155000,0.232640000,0.000394000,0.011535646,0.000002000,0.000006000,0.000386000,0.031390000,19,1.016440e-20,PASS,100000,100000.00,100000,1000000,1000000.00,1000000,1.000,1000000,1000000.00,1000000,1.000000,1
synthetic_100k_1m,directed,no_inv_static,1,1,1,10,0.034759000,0.229357000,0.000403000,0.011594120,0.000003000,0.000005000,0.000395000,0.032040000,19,1.016440e-20,PASS,100000,100000.00,100000,1000000,1000000.00,1000000,1.000,1000000,1000000.00,1000000,1.000000,1
synthetic_100k_1m,directed,no_inv_static,1,2,2,1,0.018741000,0.238754000,0.001083000,0.057787738,0.000003000,0.000005000,0.001076000,0.016317000,19,1.016440e-20,PASS,100000,100000.00,100000,1000000,1000000.00,1000000,1.000,482497,500000.00,517503,1.035006,2
synthetic_100k_1m,directed,no_inv_static,1,2,2,2,0.047469000,0.257111000,0.001195000,0.025174324,0.000004000,0.000006000,0.001186000,0.039585000,19,1.016440e-20,PASS,100000,100000.00,100000,1000000,1000000.00,1000000,1.000,482497,500000.00,517503,1.035006,2
synthetic_100k_1m,directed,no_inv_static,1,2,2,3,0.019354000,0.211147000,0.001088000,0.056215769,0.000003000,0.000005000,0.001081000,0.017019000,19,1.016440e-20,PASS,100000,100000.00,100000,1000000,1000000.00,1000000,1.000,482497,500000.00,517503,1.035006,2
synthetic_100k_1m,directed,no_inv_static,1,2,2,4,0.020091000,0.215835000,0.001100000,0.054750883,0.000003000,0.000004000,0.001093000,0.017860000,19,1.016440e-20,PASS,100000,100000.00,100000,1000000,1000000.00,1000000,1.000,482497,500000.00,517503,1.035006,2
synthetic_100k_1m,directed,no_inv_static,1,2,2,5,0.019771000,0.212633000,0.001133000,0.057306155,0.000003000,0.000004000,0.001126000,0.017504000,19,1.016440e-20,PASS,100000,100000.00,100000,1000000,1000000.00,1000000,1.000,482497,500000.00,517503,1.035006,2
synthetic_100k_1m,directed,no_inv_static,1,2,2,6,0.020682000,0.218178000,0.001094000,0.052896238,0.000003000,0.000004000,0.001087000,0.018277000,19,1.016440e-20,PASS,100000,100000.00,100000,1000000,1000000.00,1000000,1.000,482497,500000.00,517503,1.035006,2
synthetic_100k_1m,directed,no_inv_static,1,2,2,7,0.019565000,0.223928000,0.001092000,0.055813953,0.000003000,0.000004000,0.001085000,0.017304000,19,1.016440e-20,PASS,100000,100000.00,100000,1000000,1000000.00,1000000,1.000,482497,500000.00,517503,1.035006,2
synthetic_100k_1m,directed,no_inv_static,1,2,2,8,0.022415000,0.213443000,0.001127000,0.050278831,0.000003000,0.000004000,0.001120000,0.019952000,19,1.016440e-20,PASS,100000,100000.00,100000,1000000,1000000.00,1000000,1.000,482497,500000.00,517503,1.035006,2
synthetic_100k_1m,directed,no_inv_static,1,2,2,9,0.019373000,0.221569000,0.001093000,0.056418727,0.000003000,0.000004000,0.001087000,0.016980000,19,1.016440e-20,PASS,100000,100000.00,100000,1000000,1000000.00,1000000,1.000,482497,500000.00,517503,1.035006,2
synthetic_100k_1m,directed,no_inv_static,1,2,2,10,0.021541000,0.220690000,0.001113000,0.051668910,0.000003000,0.000005000,0.001105000,0.019071000,19,1.016440e-20,PASS,100000,100000.00,100000,1000000,1000000.00,1000000,1.000,482497,500000.00,517503,1.035006,2
synthetic_100k_1m,directed,no_inv_static,1,4,4,1,0.016634000,0.216116000,0.001366000,0.082120957,0.000003000,0.000004000,0.001359000,0.014443000,19,1.016440e-20,PASS,100000,100000.00,100000,1000000,1000000.00,1000000,1.000,232755,250000.00,261014,1.044056,4
synthetic_100k_1m,directed,no_inv_static,1,4,4,2,0.011128000,0.208250000,0.001389000,0.124820273,0.000003000,0.000004000,0.001383000,0.009081000,19,1.016440e-20,PASS,100000,100000.00,100000,1000000,1000000.00,1000000,1.000,232755,250000.00,261014,1.044056,4
synthetic_100k_1m,directed,no_inv_static,1,4,4,3,0.014009000,0.198169000,0.001404000,0.100221286,0.000004000,0.000004000,0.001395000,0.011785000,19,1.016440e-20,PASS,100000,100000.00,100000,1000000,1000000.00,1000000,1.000,232755,250000.00,261014,1.044056,4
synthetic_100k_1m,directed,no_inv_static,1,4,4,4,0.014937000,0.215381000,0.001351000,0.090446542,0.000003000,0.000003000,0.001345000,0.012836000,19,1.016440e-20,PASS,100000,100000.00,100000,1000000,1000000.00,1000000,1.000,232755,250000.00,261014,1.044056,4
synthetic_100k_1m,directed,no_inv_static,1,4,4,5,0.010998000,0.224466000,0.001288000,0.117112202,0.000002000,0.000003000,0.001283000,0.008987000,19,1.016440e-20,PASS,100000,100000.00,100000,1000000,1000000.00,1000000,1.000,232755,250000.00,261014,1.044056,4
synthetic_100k_1m,directed,no_inv_static,1,4,4,6,0.012013000,0.213378000,0.001568000,0.130525264,0.000004000,0.000004000,0.001561000,0.009725000,19,1.016440e-20,PASS,100000,100000.00,100000,1000000,1000000.00,1000000,1.000,232755,250000.00,261014,1.044056,4
synthetic_100k_1m,directed,no_inv_static,1,4,4,7,0.010693000,0.202790000,0.001292000,0.120826709,0.000003000,0.000003000,0.001286000,0.008699000,19,1.016440e-20,PASS,100000,100000.00,100000,1000000,1000000.00,1000000,1.000,232755,250000.00,261014,1.044056,4
synthetic_100k_1m,directed,no_inv_static,1,4,4,8,0.015599000,0.241373000,0.001461000,0.093659850,0.000002000,0.000003000,0.001455000,0.013231000,19,1.016440e-20,PASS,100000,100000.00,100000,1000000,1000000.00,1000000,1.000,232755,250000.00,261014,1.044056,4
synthetic_100k_1m,directed,no_inv_static,1,4,4,9,0.010915000,0.220700000,0.001313000,0.120293175,0.000003000,0.000003000,0.001307000,0.008871000,19,1.016440e-20,PASS,100000,100000.00,100000,1000000,1000000.00,1000000,1.000,232755,250000.00,261014,1.044056,4
synthetic_100k_1m,directed,no_inv_static,1,4,4,10,0.011333000,0.211786000,0.001344000,0.118591723,0.000003000,0.000004000,0.001337000,0.009252000,19,1.016440e-20,PASS,100000,100000.00,100000,1000000,1000000.00,1000000,1.000,232755,250000.00,261014,1.044056,4
synthetic_100k_1m,directed,no_inv_static,1,8,8,1,0.008491000,0.213369000,0.001331000,0.156754210,0.000003000,0.000002000,0.001326000,0.006712000,19,1.016440e-20,PASS,100000,100000.00,100000,1000000,1000000.00,1000000,1.000,111956,125000.00,130855,1.046840,8
synthetic_100k_1m,directed,no_inv_static,1,8,8,2,0.006414000,0.204230000,0.001393000,0.217181166,0.000003000,0.000003000,0.001388000,0.004579000,19,1.016440e-20,PASS,100000,100000.00,100000,1000000,1000000.00,1000000,1.000,111956,125000.00,130855,1.046840,8
synthetic_100k_1m,directed,no_inv_static,1,8,8,3,0.006226000,0.201987000,0.001295000,0.207998715,0.000003000,0.000003000,0.001290000,0.004492000,19,1.016440e-20,PASS,100000,100000.00,100000,1000000,1000000.00,1000000,1.000,111956,125000.00,130855,1.046840,8
synthetic_100k_1m,directed,no_inv_static,1,8,8,4,0.006012000,0.187881000,0.001305000,0.217065868,0.000002000,0.000002000,0.001301000,0.004288000,19,1.016440e-20,PASS,100000,100000.00,100000,1000000,1000000.00,1000000,1.000,111956,125000.00,130855,1.046840,8
synthetic_100k_1m,directed,no_inv_static,1,8,8,5,0.006162000,0.189231000,0.001317000,0.213729309,0.000002000,0.000002000,0.001312000,0.004416000,19,1.016440e-20,PASS,100000,100000.00,100000,1000000,1000000.00,1000000,1.000,111956,125000.00,130855,1.046840,8
synthetic_100k_1m,directed,no_inv_static,1,8,8,6,0.006157000,0.186035000,0.001364000,0.221536463,0.000003000,0.000003000,0.001358000,0.004362000,19,1.016440e-20,PASS,100000,100000.00,100000,1000000,1000000.00,1000000,1.000,111956,125000.00,130855,1.046840,8
synthetic_100k_1m,directed,no_inv_static,1,8,8,7,0.006854000,0.191226000,0.001400000,0.204260286,0.000002000,0.000002000,0.001395000,0.005011000,19,1.016440e-20,PASS,100000,100000.00,100000,1000000,1000000.00,1000000,1.000,111956,125000.00,130855,1.046840,8
synthetic_100k_1m,directed,no_inv_static,1,8,8,8,0.006185000,0.199298000,0.001303000,0.210670978,0.000002000,0.000002000,0.001299000,0.004450000,19,1.016440e-20,PASS,100000,100000.00,100000,1000000,1000000.00,1000000,1.000,111956,125000.00,130855,1.046840,8
synthetic_100k_1m,directed,no_inv_static,1,8,8,9,0.006475000,0.196361000,0.001314000,0.202934363,0.000002000,0.000002000,0.001310000,0.004720000,19,1.016440e-20,PASS,100000,100000.00,100000,1000000,1000000.00,1000000,1.000,111956,125000.00,130855,1.046840,8
synthetic_100k_1m,directed,no_inv_static,1,8,8,10,0.006331000,0.192624000,0.001294000,0.204391091,0.000002000,0.000002000,0.001289000,0.004647000,19,1.016440e-20,PASS,100000,100000.00,100000,1000000,1000000.00,1000000,1.000,111956,125000.00,130855,1.046840,8
synthetic_100k_1m,directed,no_inv_static,1,16,16,1,0.004931000,0.188334000,0.001800000,0.365037518,0.000003000,0.000002000,0.001796000,0.002818000,19,1.016440e-20,PASS,100000,100000.00,100000,1000000,1000000.00,1000000,1.000,54185,62500.00,65696,1.051136,16
synthetic_100k_1m,directed,no_inv_static,1,16,16,2,0.005140000,0.191782000,0.001705000,0.331712062,0.000003000,0.000002000,0.001700000,0.003076000,19,1.016440e-20,PASS,100000,100000.00,100000,1000000,1000000.00,1000000,1.000,54185,62500.00,65696,1.051136,16
synthetic_100k_1m,directed,no_inv_static,1,16,16,3,0.009898000,0.223384000,0.001557000,0.157304506,0.000003000,0.000002000,0.001552000,0.007968000,19,1.016440e-20,PASS,100000,100000.00,100000,1000000,1000000.00,1000000,1.000,54185,62500.00,65696,1.051136,16
synthetic_100k_1m,directed,no_inv_static,1,16,16,4,0.004349000,0.202348000,0.001447000,0.332720166,0.000003000,0.000002000,0.001442000,0.002587000,19,1.016440e-20,PASS,100000,100000.00,100000,1000000,1000000.00,1000000,1.000,54185,62500.00,65696,1.051136,16
synthetic_100k_1m,directed,no_inv_static,1,16,16,5,0.004166000,0.205711000,0.001355000,0.325252040,0.000002000,0.000001000,0.001352000,0.002499000,19,1.016440e-20,PASS,100000,100000.00,100000,1000000,1000000.00,1000000,1.000,54185,62500.00,65696,1.051136,16
synthetic_100k_1m,directed,no_inv_static,1,16,16,6,0.006000000,0.203150000,0.001440000,0.240000000,0.000002000,0.000002000,0.001435000,0.004212000,19,1.016440e-20,PASS,100000,100000.00,100000,1000000,1000000.00,1000000,1.000,54185,62500.00,65696,1.051136,16
synthetic_100k_1m,directed,no_inv_static,1,16,16,7,0.004801000,0.197310000,0.001405000,0.292647365,0.000003000,0.000002000,0.001401000,0.003061000,19,1.016440e-20,PASS,100000,100000.00,100000,1000000,1000000.00,1000000,1.000,54185,62500.00,65696,1.051136,16
synthetic_100k_1m,directed,no_inv_static,1,16,16,8,0.006425000,0.186098000,0.001570000,0.244357977,0.000003000,0.000002000,0.001566000,0.004488000,19,1.016440e-20,PASS,100000,100000.00,100000,1000000,1000000.00,1000000,1.000,54185,62500.00,65696,1.051136,16
synthetic_100k_1m,directed,no_inv_static,1,16,16,9,0.004747000,0.205653000,0.001790000,0.377080261,0.000002000,0.000001000,0.001786000,0.002654000,19,1.016440e-20,PASS,100000,100000.00,100000,1000000,1000000.00,1000000,1.000,54185,62500.00,65696,1.051136,16
synthetic_100k_1m,directed,no_inv_static,1,16,16,10,0.005304000,0.204368000,0.001504000,0.283559578,0.000003000,0.000002000,0.001499000,0.003467000,19,1.016440e-20,PASS,100000,100000.00,100000,1000000,1000000.00,1000000,1.000,54185,62500.00,65696,1.051136,16
synthetic_100k_1m,directed,no_inv_static,2,8,16,1,0.005014000,0.203482000,0.002349000,0.468488233,0.000299000,0.000112000,0.002231000,0.002458000,19,1.016440e-20,PASS,50000,50000.00,50000,482497,500000.00,517503,1.035,54185,62500.00,65696,1.051136,16
synthetic_100k_1m,directed,no_inv_static,2,8,16,2,0.006927000,0.200345000,0.003147000,0.454309225,0.000100000,0.000661000,0.002458000,0.003839000,19,1.016440e-20,PASS,50000,50000.00,50000,482497,500000.00,517503,1.035,54185,62500.00,65696,1.051136,16
synthetic_100k_1m,directed,no_inv_static,2,8,16,3,0.005128000,0.199586000,0.002276000,0.443837754,0.000308000,0.000196000,0.001838000,0.002584000,19,1.016440e-20,PASS,50000,50000.00,50000,482497,500000.00,517503,1.035,54185,62500.00,65696,1.051136,16
synthetic_100k_1m,directed,no_inv_static,2,8,16,4,0.005385000,0.190802000,0.002620000,0.486536676,0.000178000,0.000513000,0.002064000,0.002885000,19,1.016440e-20,PASS,50000,50000.00,50000,482497,500000.00,517503,1.035,54185,62500.00,65696,1.051136,16
synthetic_100k_1m,directed,no_inv_static,2,8,16,5,0.004842000,0.205596000,0.002136000,0.441140025,0.000063000,0.000321000,0.001796000,0.002695000,19,1.016440e-20,PASS,50000,50000.00,50000,482497,500000.00,517503,1.035,54185,62500.00,65696,1.051136,16
synthetic_100k_1m,directed,no_inv_static,2,8,16,6,0.005321000,0.210804000,0.002540000,0.477353881,0.000151000,0.000291000,0.002217000,0.002721000,19,1.016440e-20,PASS,50000,50000.00,50000,482497,500000.00,517503,1.035,54185,62500.00,65696,1.051136,16
synthetic_100k_1m,directed,no_inv_static,2,8,16,7,0.006266000,0.205861000,0.003315000,0.529045643,0.000192000,0.001459000,0.001829000,0.003927000,19,1.016440e-20,PASS,50000,50000.00,50000,482497,500000.00,517503,1.035,54185,62500.00,65696,1.051136,16
synthetic_100k_1m,directed,no_inv_static,2,8,16,8,0.006915000,0.201149000,0.003048000,0.440780911,0.000245000,0.001012000,0.001990000,0.004316000,19,1.016440e-20,PASS,50000,50000.00,50000,482497,500000.00,517503,1.035,54185,62500.00,65696,1.051136,16
synthetic_100k_1m,directed,no_inv_static,2,8,16,9,0.006695000,0.204697000,0.002413000,0.360418223,0.000276000,0.000374000,0.001999000,0.004152000,19,1.016440e-20,PASS,50000,50000.00,50000,482497,500000.00,517503,1.035,54185,62500.00,65696,1.051136,16
synthetic_100k_1m,directed,no_inv_static,2,8,16,10,0.009376000,0.232900000,0.005703000,0.608255119,0.000285000,0.003433000,0.002217000,0.006615000,19,1.016440e-20,PASS,50000,50000.00,50000,482497,500000.00,517503,1.035,54185,62500.00,65696,1.051136,16
synthetic_100k_1m,directed,no_inv_static,4,4,16,1,0.006083000,0.215832000,0.003414000,0.561236232,0.000601000,0.000364000,0.002952000,0.002686000,19,1.016440e-20,PASS,25000,25000.00,25000,232755,250000.00,261014,1.044,54185,62500.00,65696,1.051136,16
synthetic_100k_1m,directed,no_inv_static,4,4,16,2,0.006067000,0.218073000,0.003369000,0.555299159,0.000544000,0.000305000,0.002939000,0.002672000,19,1.016440e-20,PASS,25000,25000.00,25000,232755,250000.00,261014,1.044,54185,62500.00,65696,1.051136,16
synthetic_100k_1m,directed,no_inv_static,4,4,16,3,0.008123000,0.233596000,0.005418000,0.666994953,0.000226000,0.001603000,0.003755000,0.003989000,19,1.016440e-20,PASS,25000,25000.00,25000,232755,250000.00,261014,1.044,54185,62500.00,65696,1.051136,16
synthetic_100k_1m,directed,no_inv_static,4,4,16,4,0.006553000,0.221704000,0.003746000,0.571646574,0.000383000,0.000376000,0.003274000,0.002897000,19,1.016440e-20,PASS,25000,25000.00,25000,232755,250000.00,261014,1.044,54185,62500.00,65696,1.051136,16
synthetic_100k_1m,directed,no_inv_static,4,4,16,5,0.007265000,0.206359000,0.004613000,0.634962147,0.000494000,0.001563000,0.002920000,0.003934000,19,1.016440e-20,PASS,25000,25000.00,25000,232755,250000.00,261014,1.044,54185,62500.00,65696,1.051136,16
synthetic_100k_1m,directed,no_inv_static,4,4,16,6,0.007390000,0.256583000,0.004696000,0.635453315,0.000341000,0.001574000,0.002925000,0.003985000,19,1.016440e-20,PASS,25000,25000.00,25000,232755,250000.00,261014,1.044,54185,62500.00,65696,1.051136,16
synthetic_100k_1m,directed,no_inv_static,4,4,16,7,0.010074000,0.292356000,0.007396000,0.734167163,0.000602000,0.003642000,0.003676000,0.005977000,19,1.016440e-20,PASS,25000,25000.00,25000,232755,250000.00,261014,1.044,54185,62500.00,65696,1.051136,16
synthetic_100k_1m,directed,no_inv_static,4,4,16,8,0.008616000,0.283810000,0.005909000,0.685817084,0.000455000,0.002791000,0.003089000,0.004626000,19,1.016440e-20,PASS,25000,25000.00,25000,232755,250000.00,261014,1.044,54185,62500.00,65696,1.051136,16
synthetic_100k_1m,directed,no_inv_static,4,4,16,9,0.007376000,0.275116000,0.004706000,0.638015184,0.000480000,0.001592000,0.003077000,0.003968000,19,1.016440e-20,PASS,25000,25000.00,25000,232755,250000.00,261014,1.044,54185,62500.00,65696,1.051136,16
synthetic_100k_1m,directed,no_inv_static,4,4,16,10,0.008543000,0.285925000,0.004757000,0.556830153,0.000702000,0.001190000,0.003504000,0.004642000,19,1.016440e-20,PASS,25000,25000.00,25000,232755,250000.00,261014,1.044,54185,62500.00,65696,1.051136,16
synthetic_100k_1m,directed,no_inv_static,8,2,16,1,0.007661000,0.215552000,0.004486000,0.585563242,0.000740000,0.000677000,0.003713000,0.003476000,19,1.016440e-20,PASS,12500,12500.00,12500,111956,125000.00,130855,1.047,54185,62500.00,65696,1.051136,16
synthetic_100k_1m,directed,no_inv_static,8,2,16,2,0.009666000,0.216029000,0.006360000,0.657976412,0.000594000,0.002235000,0.004017000,0.005249000,19,1.016440e-20,PASS,12500,12500.00,12500,111956,125000.00,130855,1.047,54185,62500.00,65696,1.051136,16
synthetic_100k_1m,directed,no_inv_static,8,2,16,3,0.009747000,0.213434000,0.006489000,0.665743306,0.000462000,0.002253000,0.004154000,0.005241000,19,1.016440e-20,PASS,12500,12500.00,12500,111956,125000.00,130855,1.047,54185,62500.00,65696,1.051136,16
synthetic_100k_1m,directed,no_inv_static,8,2,16,4,0.012313000,0.224493000,0.009067000,0.736376188,0.000452000,0.004775000,0.004215000,0.007668000,19,1.016440e-20,PASS,12500,12500.00,12500,111956,125000.00,130855,1.047,54185,62500.00,65696,1.051136,16
synthetic_100k_1m,directed,no_inv_static,8,2,16,5,0.009801000,0.209343000,0.006605000,0.673910825,0.000832000,0.002275000,0.004209000,0.005169000,19,1.016440e-20,PASS,12500,12500.00,12500,111956,125000.00,130855,1.047,54185,62500.00,65696,1.051136,16
synthetic_100k_1m,directed,no_inv_static,8,2,16,6,0.010032000,0.212692000,0.006490000,0.646929825,0.000679000,0.002384000,0.003981000,0.005600000,19,1.016440e-20,PASS,12500,12500.00,12500,111956,125000.00,130855,1.047,54185,62500.00,65696,1.051136,16
synthetic_100k_1m,directed,no_inv_static,8,2,16,7,0.009409000,0.226858000,0.006252000,0.664470188,0.000679000,0.002358000,0.003813000,0.005202000,19,1.016440e-20,PASS,12500,12500.00,12500,111956,125000.00,130855,1.047,54185,62500.00,65696,1.051136,16
synthetic_100k_1m,directed,no_inv_static,8,2,16,8,0.009302000,0.213288000,0.006099000,0.655665448,0.000496000,0.002275000,0.003694000,0.005146000,19,1.016440e-20,PASS,12500,12500.00,12500,111956,125000.00,130855,1.047,54185,62500.00,65696,1.051136,16
synthetic_100k_1m,directed,no_inv_static,8,2,16,9,0.010547000,0.220015000,0.007371000,0.698871717,0.000466000,0.002394000,0.004871000,0.005230000,19,1.016440e-20,PASS,12500,12500.00,12500,111956,125000.00,130855,1.047,54185,62500.00,65696,1.051136,16
synthetic_100k_1m,directed,no_inv_static,8,2,16,10,0.009522000,0.213902000,0.006375000,0.669502205,0.000729000,0.002321000,0.003953000,0.005180000,19,1.016440e-20,PASS,12500,12500.00,12500,111956,125000.00,130855,1.047,54185,62500.00,65696,1.051136,16
synthetic_100k_1m,directed,no_inv_static,16,1,16,1,0.010357000,0.226868000,0.008199000,0.791638505,0.000958000,0.002991000,0.005029000,0.004816000,19,1.016440e-20,PASS,6250,6250.00,6250,54185,62500.00,65696,1.051,54185,62500.00,65696,1.051136,16
synthetic_100k_1m,directed,no_inv_static,16,1,16,2,0.009138000,0.221023000,0.006779000,0.741847231,0.000654000,0.001935000,0.004575000,0.003643000,19,1.016440e-20,PASS,6250,6250.00,6250,54185,62500.00,65696,1.051,54185,62500.00,65696,1.051136,16
synthetic_100k_1m,directed,no_inv_static,16,1,16,3,0.009590000,0.215297000,0.007499000,0.781960375,0.000993000,0.001785000,0.005511000,0.003359000,19,1.016440e-20,PASS,6250,6250.00,6250,54185,62500.00,65696,1.051,54185,62500.00,65696,1.051136,16
synthetic_100k_1m,directed,no_inv_static,16,1,16,4,0.007777000,0.239652000,0.005937000,0.763404912,0.000914000,0.001519000,0.004298000,0.002918000,19,1.016440e-20,PASS,6250,6250.00,6250,54185,62500.00,65696,1.051,54185,62500.00,65696,1.051136,16
synthetic_100k_1m,directed,no_inv_static,16,1,16,5,0.007841000,0.219572000,0.005983000,0.763040429,0.000867000,0.001485000,0.004404000,0.002898000,19,1.016440e-20,PASS,6250,6250.00,6250,54185,62500.00,65696,1.051,54185,62500.00,65696,1.051136,16
synthetic_100k_1m,directed,no_inv_static,16,1,16,6,0.011660000,0.224912000,0.009549000,0.818953688,0.000920000,0.004669000,0.004596000,0.005583000,19,1.016440e-20,PASS,6250,6250.00,6250,54185,62500.00,65696,1.051,54185,62500.00,65696,1.051136,16
synthetic_100k_1m,directed,no_inv_static,16,1,16,7,0.007649000,0.228989000,0.005497000,0.718656033,0.000707000,0.001092000,0.004300000,0.002844000,19,1.016440e-20,PASS,6250,6250.00,6250,54185,62500.00,65696,1.051,54185,62500.00,65696,1.051136,16
synthetic_100k_1m,directed,no_inv_static,16,1,16,8,0.007338000,0.240369000,0.005526000,0.753066231,0.000688000,0.001269000,0.004055000,0.002510000,19,1.016440e-20,PASS,6250,6250.00,6250,54185,62500.00,65696,1.051,54185,62500.00,65696,1.051136,16
synthetic_100k_1m,directed,no_inv_static,16,1,16,9,0.007261000,0.220903000,0.005439000,0.749070376,0.000683000,0.001118000,0.004125000,0.002696000,19,1.016440e-20,PASS,6250,6250.00,6250,54185,62500.00,65696,1.051,54185,62500.00,65696,1.051136,16
synthetic_100k_1m,directed,no_inv_static,16,1,16,10,0.008277000,0.228202000,0.006287000,0.759574725,0.000658000,0.001601000,0.004539000,0.002954000,19,1.016440e-20,PASS,6250,6250.00,6250,54185,62500.00,65696,1.051,54185,62500.00,65696,1.051136,16
synthetic_100k_1m,directed,inv_static,1,1,1,1,0.031404000,0.217356000,0.000382000,0.012164056,0.000003000,0.000005000,0.000374000,0.028367000,19,0.000000e+00,PASS,100000,100000.00,100000,1000000,1000000.00,1000000,1.000,1000000,1000000.00,1000000,1.000000,1
synthetic_100k_1m,directed,inv_static,1,1,1,2,0.035917000,0.222791000,0.000416000,0.011582259,0.000003000,0.000005000,0.000408000,0.032847000,19,0.000000e+00,PASS,100000,100000.00,100000,1000000,1000000.00,1000000,1.000,1000000,1000000.00,1000000,1.000000,1
synthetic_100k_1m,directed,inv_static,1,1,1,3,0.031679000,0.226199000,0.000402000,0.012689795,0.000003000,0.000006000,0.000393000,0.028624000,19,0.000000e+00,PASS,100000,100000.00,100000,1000000,1000000.00,1000000,1.000,1000000,1000000.00,1000000,1.000000,1
synthetic_100k_1m,directed,inv_static,1,1,1,4,0.032071000,0.249811000,0.000385000,0.012004615,0.000003000,0.000006000,0.000377000,0.029232000,19,0.000000e+00,PASS,100000,100000.00,100000,1000000,1000000.00,1000000,1.000,1000000,1000000.00,1000000,1.000000,1
synthetic_100k_1m,directed,inv_static,1,1,1,5,0.031216000,0.258053000,0.000416000,0.013326499,0.000003000,0.000005000,0.000408000,0.028432000,19,0.000000e+00,PASS,100000,100000.00,100000,1000000,1000000.00,1000000,1.000,1000000,1000000.00,1000000,1.000000,1
synthetic_100k_1m,directed,inv_static,1,1,1,6,0.031868000,0.273769000,0.000452000,0.014183507,0.000005000,0.000006000,0.000441000,0.029027000,19,0.000000e+00,PASS,100000,100000.00,100000,1000000,1000000.00,1000000,1.000,1000000,1000000.00,1000000,1.000000,1
synthetic_100k_1m,directed,inv_static,1,1,1,7,0.032533000,0.240971000,0.000425000,0.013063658,0.000003000,0.000006000,0.000415000,0.029580000,19,0.000000e+00,PASS,100000,100000.00,100000,1000000,1000000.00,1000000,1.000,1000000,1000000.00,1000000,1.000000,1
synthetic_100k_1m,directed,inv_static,1,1,1,8,0.048467000,0.304738000,0.000597000,0.012317659,0.000004000,0.000005000,0.000588000,0.044679000,19,0.000000e+00,PASS,100000,100000.00,100000,1000000,1000000.00,1000000,1.000,1000000,1000000.00,1000000,1.000000,1
synthetic_100k_1m,directed,inv_static,1,1,1,9,0.029380000,0.229042000,0.000376000,0.012797822,0.000004000,0.000005000,0.000367000,0.026514000,19,0.000000e+00,PASS,100000,100000.00,100000,1000000,1000000.00,1000000,1.000,1000000,1000000.00,1000000,1.000000,1
synthetic_100k_1m,directed,inv_static,1,1,1,10,0.033199000,0.238045000,0.000449000,0.013524504,0.000003000,0.000008000,0.000438000,0.030257000,19,0.000000e+00,PASS,100000,100000.00,100000,1000000,1000000.00,1000000,1.000,1000000,1000000.00,1000000,1.000000,1
synthetic_100k_1m,directed,inv_static,1,2,2,1,0.019996000,0.212749000,0.001096000,0.054810962,0.000003000,0.000004000,0.001089000,0.017584000,19,0.000000e+00,PASS,100000,100000.00,100000,1000000,1000000.00,1000000,1.000,482497,500000.00,517503,1.035006,2
synthetic_100k_1m,directed,inv_static,1,2,2,2,0.017752000,0.211600000,0.001070000,0.060274899,0.000003000,0.000004000,0.001063000,0.015367000,19,0.000000e+00,PASS,100000,100000.00,100000,1000000,1000000.00,1000000,1.000,482497,500000.00,517503,1.035006,2
synthetic_100k_1m,directed,inv_static,1,2,2,3,0.028231000,0.261841000,0.001238000,0.043852503,0.000007000,0.000009000,0.001222000,0.025470000,19,0.000000e+00,PASS,100000,100000.00,100000,1000000,1000000.00,1000000,1.000,482497,500000.00,517503,1.035006,2
synthetic_100k_1m,directed,inv_static,1,2,2,4,0.027443000,0.240167000,0.001128000,0.041103378,0.000003000,0.000006000,0.001119000,0.024722000,19,0.000000e+00,PASS,100000,100000.00,100000,1000000,1000000.00,1000000,1.000,482497,500000.00,517503,1.035006,2
synthetic_100k_1m,directed,inv_static,1,2,2,5,0.025751000,0.229023000,0.001078000,0.041862452,0.000002000,0.000004000,0.001072000,0.023256000,19,0.000000e+00,PASS,100000,100000.00,100000,1000000,1000000.00,1000000,1.000,482497,500000.00,517503,1.035006,2
synthetic_100k_1m,directed,inv_static,1,2,2,6,0.021141000,0.219412000,0.001122000,0.053072229,0.000003000,0.000005000,0.001115000,0.018519000,19,0.000000e+00,PASS,100000,100000.00,100000,1000000,1000000.00,1000000,1.000,482497,500000.00,517503,1.035006,2
synthetic_100k_1m,directed,inv_static,1,2,2,7,0.017199000,0.207004000,0.001056000,0.061398919,0.000002000,0.000004000,0.001050000,0.014849000,19,0.000000e+00,PASS,100000,100000.00,100000,1000000,1000000.00,1000000,1.000,482497,500000.00,517503,1.035006,2
synthetic_100k_1m,directed,inv_static,1,2,2,8,0.018663000,0.215918000,0.001078000,0.057761346,0.000003000,0.000004000,0.001070000,0.016246000,19,0.000000e+00,PASS,100000,100000.00,100000,1000000,1000000.00,1000000,1.000,482497,500000.00,517503,1.035006,2
synthetic_100k_1m,directed,inv_static,1,2,2,9,0.020901000,0.220955000,0.001098000,0.052533372,0.000003000,0.000005000,0.001089000,0.018411000,19,0.000000e+00,PASS,100000,100000.00,100000,1000000,1000000.00,1000000,1.000,482497,500000.00,517503,1.035006,2
synthetic_100k_1m,directed,inv_static,1,2,2,10,0.019819000,0.220348000,0.001094000,0.055199556,0.000003000,0.000005000,0.001086000,0.017379000,19,0.000000e+00,PASS,100000,100000.00,100000,1000000,1000000.00,1000000,1.000,482497,500000.00,517503,1.035006,2
synthetic_100k_1m,directed,inv_static,1,4,4,1,0.012547000,0.228864000,0.001388000,0.110624054,0.000003000,0.000004000,0.001382000,0.010378000,19,0.000000e+00,PASS,100000,100000.00,100000,1000000,1000000.00,1000000,1.000,232755,250000.00,261014,1.044056,4
synthetic_100k_1m,directed,inv_static,1,4,4,2,0.010294000,0.205997000,0.001248000,0.121235671,0.000003000,0.000006000,0.001239000,0.008323000,19,0.000000e+00,PASS,100000,100000.00,100000,1000000,1000000.00,1000000,1.000,232755,250000.00,261014,1.044056,4
synthetic_100k_1m,directed,inv_static,1,4,4,3,0.018396000,0.218653000,0.001417000,0.077027615,0.000003000,0.000004000,0.001410000,0.016050000,19,0.000000e+00,PASS,100000,100000.00,100000,1000000,1000000.00,1000000,1.000,232755,250000.00,261014,1.044056,4
synthetic_100k_1m,directed,inv_static,1,4,4,4,0.010415000,0.236829000,0.001428000,0.137109938,0.000003000,0.000004000,0.001422000,0.008263000,19,0.000000e+00,PASS,100000,100000.00,100000,1000000,1000000.00,1000000,1.000,232755,250000.00,261014,1.044056,4
synthetic_100k_1m,directed,inv_static,1,4,4,5,0.014393000,0.288687000,0.001438000,0.099909678,0.000005000,0.000006000,0.001427000,0.012137000,19,0.000000e+00,PASS,100000,100000.00,100000,1000000,1000000.00,1000000,1.000,232755,250000.00,261014,1.044056,4
synthetic_100k_1m,directed,inv_static,1,4,4,6,0.013387000,0.218980000,0.001236000,0.092328378,0.000003000,0.000003000,0.001230000,0.011386000,19,0.000000e+00,PASS,100000,100000.00,100000,1000000,1000000.00,1000000,1.000,232755,250000.00,261014,1.044056,4
synthetic_100k_1m,directed,inv_static,1,4,4,7,0.013370000,0.223817000,0.001384000,0.103515333,0.000003000,0.000004000,0.001377000,0.011070000,19,0.000000e+00,PASS,100000,100000.00,100000,1000000,1000000.00,1000000,1.000,232755,250000.00,261014,1.044056,4
synthetic_100k_1m,directed,inv_static,1,4,4,8,0.010226000,0.211028000,0.001640000,0.160375513,0.000003000,0.000003000,0.001634000,0.007907000,19,0.000000e+00,PASS,100000,100000.00,100000,1000000,1000000.00,1000000,1.000,232755,250000.00,261014,1.044056,4
synthetic_100k_1m,directed,inv_static,1,4,4,9,0.012873000,0.228196000,0.001332000,0.103472384,0.000003000,0.000004000,0.001325000,0.010705000,19,0.000000e+00,PASS,100000,100000.00,100000,1000000,1000000.00,1000000,1.000,232755,250000.00,261014,1.044056,4
synthetic_100k_1m,directed,inv_static,1,4,4,10,0.009884000,0.200492000,0.001262000,0.127681101,0.000003000,0.000003000,0.001256000,0.007911000,19,0.000000e+00,PASS,100000,100000.00,100000,1000000,1000000.00,1000000,1.000,232755,250000.00,261014,1.044056,4
synthetic_100k_1m,directed,inv_static,1,8,8,1,0.007947000,0.227854000,0.001475000,0.185604631,0.000003000,0.000003000,0.001469000,0.005976000,19,0.000000e+00,PASS,100000,100000.00,100000,1000000,1000000.00,1000000,1.000,111956,125000.00,130855,1.046840,8
synthetic_100k_1m,directed,inv_static,1,8,8,2,0.006037000,0.193723000,0.001368000,0.226602617,0.000003000,0.000003000,0.001361000,0.004246000,19,0.000000e+00,PASS,100000,100000.00,100000,1000000,1000000.00,1000000,1.000,111956,125000.00,130855,1.046840,8
synthetic_100k_1m,directed,inv_static,1,8,8,3,0.006214000,0.186662000,0.001305000,0.210009656,0.000003000,0.000003000,0.001299000,0.004493000,19,0.000000e+00,PASS,100000,100000.00,100000,1000000,1000000.00,1000000,1.000,111956,125000.00,130855,1.046840,8
synthetic_100k_1m,directed,inv_static,1,8,8,4,0.006003000,0.213283000,0.001335000,0.222388806,0.000003000,0.000003000,0.001329000,0.004265000,19,0.000000e+00,PASS,100000,100000.00,100000,1000000,1000000.00,1000000,1.000,111956,125000.00,130855,1.046840,8
synthetic_100k_1m,directed,inv_static,1,8,8,5,0.006491000,0.200653000,0.001410000,0.217223848,0.000004000,0.000004000,0.001403000,0.004643000,19,0.000000e+00,PASS,100000,100000.00,100000,1000000,1000000.00,1000000,1.000,111956,125000.00,130855,1.046840,8
synthetic_100k_1m,directed,inv_static,1,8,8,6,0.008258000,0.206574000,0.001790000,0.216759506,0.000003000,0.000003000,0.001784000,0.006011000,19,0.000000e+00,PASS,100000,100000.00,100000,1000000,1000000.00,1000000,1.000,111956,125000.00,130855,1.046840,8
synthetic_100k_1m,directed,inv_static,1,8,8,7,0.006026000,0.202975000,0.001321000,0.219216728,0.000004000,0.000004000,0.001313000,0.004293000,19,0.000000e+00,PASS,100000,100000.00,100000,1000000,1000000.00,1000000,1.000,111956,125000.00,130855,1.046840,8
synthetic_100k_1m,directed,inv_static,1,8,8,8,0.008179000,0.196369000,0.001405000,0.171781391,0.000003000,0.000003000,0.001399000,0.006268000,19,0.000000e+00,PASS,100000,100000.00,100000,1000000,1000000.00,1000000,1.000,111956,125000.00,130855,1.046840,8
synthetic_100k_1m,directed,inv_static,1,8,8,9,0.007912000,0.240298000,0.001712000,0.216380182,0.000003000,0.000003000,0.001705000,0.005686000,19,0.000000e+00,PASS,100000,100000.00,100000,1000000,1000000.00,1000000,1.000,111956,125000.00,130855,1.046840,8
synthetic_100k_1m,directed,inv_static,1,8,8,10,0.007222000,0.192623000,0.001343000,0.185959568,0.000003000,0.000003000,0.001337000,0.005434000,19,0.000000e+00,PASS,100000,100000.00,100000,1000000,1000000.00,1000000,1.000,111956,125000.00,130855,1.046840,8
synthetic_100k_1m,directed,inv_static,1,16,16,1,0.004177000,0.198134000,0.001437000,0.344026814,0.000002000,0.000002000,0.001433000,0.002429000,19,0.000000e+00,PASS,100000,100000.00,100000,1000000,1000000.00,1000000,1.000,54185,62500.00,65696,1.051136,16
synthetic_100k_1m,directed,inv_static,1,16,16,2,0.005768000,0.208435000,0.001987000,0.344486824,0.000004000,0.000004000,0.001979000,0.003399000,19,0.000000e+00,PASS,100000,100000.00,100000,1000000,1000000.00,1000000,1.000,54185,62500.00,65696,1.051136,16
synthetic_100k_1m,directed,inv_static,1,16,16,3,0.004689000,0.193437000,0.001853000,0.395180209,0.000003000,0.000002000,0.001848000,0.002532000,19,0.000000e+00,PASS,100000,100000.00,100000,1000000,1000000.00,1000000,1.000,54185,62500.00,65696,1.051136,16
synthetic_100k_1m,directed,inv_static,1,16,16,4,0.004096000,0.198249000,0.001395000,0.340576172,0.000002000,0.000003000,0.001390000,0.002406000,19,0.000000e+00,PASS,100000,100000.00,100000,1000000,1000000.00,1000000,1.000,54185,62500.00,65696,1.051136,16
synthetic_100k_1m,directed,inv_static,1,16,16,5,0.006559000,0.212152000,0.001515000,0.230980332,0.000003000,0.000003000,0.001510000,0.002706000,19,0.000000e+00,PASS,100000,100000.00,100000,1000000,1000000.00,1000000,1.000,54185,62500.00,65696,1.051136,16
synthetic_100k_1m,directed,inv_static,1,16,16,6,0.005489000,0.196514000,0.001410000,0.256877391,0.000002000,0.000002000,0.001406000,0.003770000,19,0.000000e+00,PASS,100000,100000.00,100000,1000000,1000000.00,1000000,1.000,54185,62500.00,65696,1.051136,16
synthetic_100k_1m,directed,inv_static,1,16,16,7,0.004253000,0.193874000,0.001424000,0.334822478,0.000003000,0.000004000,0.001417000,0.002525000,19,0.000000e+00,PASS,100000,100000.00,100000,1000000,1000000.00,1000000,1.000,54185,62500.00,65696,1.051136,16
synthetic_100k_1m,directed,inv_static,1,16,16,8,0.004307000,0.189173000,0.001409000,0.327141862,0.000002000,0.000002000,0.001404000,0.002599000,19,0.000000e+00,PASS,100000,100000.00,100000,1000000,1000000.00,1000000,1.000,54185,62500.00,65696,1.051136,16
synthetic_100k_1m,directed,inv_static,1,16,16,9,0.004140000,0.191297000,0.001378000,0.332850242,0.000002000,0.000002000,0.001374000,0.002483000,19,0.000000e+00,PASS,100000,100000.00,100000,1000000,1000000.00,1000000,1.000,54185,62500.00,65696,1.051136,16
synthetic_100k_1m,directed,inv_static,1,16,16,10,0.004122000,0.196626000,0.001379000,0.334546337,0.000003000,0.000002000,0.001374000,0.002446000,19,0.000000e+00,PASS,100000,100000.00,100000,1000000,1000000.00,1000000,1.000,54185,62500.00,65696,1.051136,16
synthetic_100k_1m,directed,inv_static,2,8,16,1,0.006141000,0.198747000,0.003092000,0.503501058,0.000208000,0.000298000,0.002585000,0.002930000,19,0.000000e+00,PASS,50000,50000.00,50000,482497,500000.00,517503,1.035,54185,62500.00,65696,1.051136,16
synthetic_100k_1m,directed,inv_static,2,8,16,2,0.005662000,0.197053000,0.002294000,0.405157188,0.000061000,0.000217000,0.002037000,0.003182000,19,0.000000e+00,PASS,50000,50000.00,50000,482497,500000.00,517503,1.035,54185,62500.00,65696,1.051136,16
synthetic_100k_1m,directed,inv_static,2,8,16,3,0.006382000,0.198880000,0.002553000,0.400031338,0.000248000,0.000219000,0.002164000,0.003507000,19,0.000000e+00,PASS,50000,50000.00,50000,482497,500000.00,517503,1.035,54185,62500.00,65696,1.051136,16
synthetic_100k_1m,directed,inv_static,2,8,16,4,0.005527000,0.198614000,0.002857000,0.516916953,0.000067000,0.000996000,0.001835000,0.003385000,19,0.000000e+00,PASS,50000,50000.00,50000,482497,500000.00,517503,1.035,54185,62500.00,65696,1.051136,16
synthetic_100k_1m,directed,inv_static,2,8,16,5,0.005927000,0.199247000,0.002893000,0.488105281,0.000222000,0.000804000,0.002057000,0.003255000,19,0.000000e+00,PASS,50000,50000.00,50000,482497,500000.00,517503,1.035,54185,62500.00,65696,1.051136,16
synthetic_100k_1m,directed,inv_static,2,8,16,6,0.005762000,0.188498000,0.002677000,0.464595627,0.000189000,0.000767000,0.001888000,0.003297000,19,0.000000e+00,PASS,50000,50000.00,50000,482497,500000.00,517503,1.035,54185,62500.00,65696,1.051136,16
synthetic_100k_1m,directed,inv_static,2,8,16,7,0.007123000,0.195950000,0.003383000,0.474940334,0.000265000,0.001072000,0.002288000,0.003817000,19,0.000000e+00,PASS,50000,50000.00,50000,482497,500000.00,517503,1.035,54185,62500.00,65696,1.051136,16
synthetic_100k_1m,directed,inv_static,2,8,16,8,0.009213000,0.195853000,0.005867000,0.636817540,0.000055000,0.003833000,0.001993000,0.006793000,19,0.000000e+00,PASS,50000,50000.00,50000,482497,500000.00,517503,1.035,54185,62500.00,65696,1.051136,16
synthetic_100k_1m,directed,inv_static,2,8,16,9,0.005387000,0.201363000,0.002717000,0.504362354,0.000362000,0.000195000,0.002322000,0.002528000,19,0.000000e+00,PASS,50000,50000.00,50000,482497,500000.00,517503,1.035,54185,62500.00,65696,1.051136,16
synthetic_100k_1m,directed,inv_static,2,8,16,10,0.005154000,0.192843000,0.002250000,0.436554133,0.000216000,0.000270000,0.001883000,0.002626000,19,0.000000e+00,PASS,50000,50000.00,50000,482497,500000.00,517503,1.035,54185,62500.00,65696,1.051136,16
synthetic_100k_1m,directed,inv_static,4,4,16,1,0.007342000,0.218993000,0.004658000,0.634432035,0.000471000,0.000551000,0.003928000,0.002905000,19,0.000000e+00,PASS,25000,25000.00,25000,232755,250000.00,261014,1.044,54185,62500.00,65696,1.051136,16
synthetic_100k_1m,directed,inv_static,4,4,16,2,0.006048000,0.206775000,0.003427000,0.566633598,0.000503000,0.000367000,0.002939000,0.002669000,19,0.000000e+00,PASS,25000,25000.00,25000,232755,250000.00,261014,1.044,54185,62500.00,65696,1.051136,16
synthetic_100k_1m,directed,inv_static,4,4,16,3,0.009033000,0.221154000,0.006457000,0.714823425,0.000316000,0.000427000,0.005887000,0.002695000,19,0.000000e+00,PASS,25000,25000.00,25000,232755,250000.00,261014,1.044,54185,62500.00,65696,1.051136,16
synthetic_100k_1m,directed,inv_static,4,4,16,4,0.007069000,0.208407000,0.004476000,0.633187155,0.000414000,0.000277000,0.003990000,0.002563000,19,0.000000e+00,PASS,25000,25000.00,25000,232755,250000.00,261014,1.044,54185,62500.00,65696,1.051136,16
synthetic_100k_1m,directed,inv_static,4,4,16,5,0.006005000,0.208175000,0.003408000,0.567527061,0.000610000,0.000365000,0.002980000,0.002654000,19,0.000000e+00,PASS,25000,25000.00,25000,232755,250000.00,261014,1.044,54185,62500.00,65696,1.051136,16
synthetic_100k_1m,directed,inv_static,4,4,16,6,0.006238000,0.210753000,0.003713000,0.595222828,0.000399000,0.000440000,0.003158000,0.002644000,19,0.000000e+00,PASS,25000,25000.00,25000,232755,250000.00,261014,1.044,54185,62500.00,65696,1.051136,16
synthetic_100k_1m,directed,inv_static,4,4,16,7,0.007481000,0.222381000,0.003905000,0.521989039,0.000560000,0.000163000,0.003589000,0.003352000,19,0.000000e+00,PASS,25000,25000.00,25000,232755,250000.00,261014,1.044,54185,62500.00,65696,1.051136,16
synthetic_100k_1m,directed,inv_static,4,4,16,8,0.006668000,0.206413000,0.003700000,0.554889022,0.000498000,0.000342000,0.003196000,0.002973000,19,0.000000e+00,PASS,25000,25000.00,25000,232755,250000.00,261014,1.044,54185,62500.00,65696,1.051136,16
synthetic_100k_1m,directed,inv_static,4,4,16,9,0.006293000,0.216401000,0.003632000,0.577149213,0.000259000,0.000369000,0.003022000,0.002667000,19,0.000000e+00,PASS,25000,25000.00,25000,232755,250000.00,261014,1.044,54185,62500.00,65696,1.051136,16
synthetic_100k_1m,directed,inv_static,4,4,16,10,0.008439000,0.209878000,0.005808000,0.688233203,0.000281000,0.000293000,0.005292000,0.002589000,19,0.000000e+00,PASS,25000,25000.00,25000,232755,250000.00,261014,1.044,54185,62500.00,65696,1.051136,16
synthetic_100k_1m,directed,inv_static,8,2,16,1,0.009946000,0.216363000,0.005582000,0.561230645,0.000650000,0.000863000,0.004588000,0.004849000,19,0.000000e+00,PASS,12500,12500.00,12500,111956,125000.00,130855,1.047,54185,62500.00,65696,1.051136,16
synthetic_100k_1m,directed,inv_static,8,2,16,2,0.007342000,0.213232000,0.004369000,0.595069463,0.000375000,0.000490000,0.003662000,0.003148000,19,0.000000e+00,PASS,12500,12500.00,12500,111956,125000.00,130855,1.047,54185,62500.00,65696,1.051136,16
synthetic_100k_1m,directed,inv_static,8,2,16,3,0.007310000,0.211988000,0.004314000,0.590150479,0.000782000,0.000471000,0.003729000,0.003039000,19,0.000000e+00,PASS,12500,12500.00,12500,111956,125000.00,130855,1.047,54185,62500.00,65696,1.051136,16
synthetic_100k_1m,directed,inv_static,8,2,16,4,0.007284000,0.210718000,0.004365000,0.599258649,0.000515000,0.000519000,0.003730000,0.003125000,19,0.000000e+00,PASS,12500,12500.00,12500,111956,125000.00,130855,1.047,54185,62500.00,65696,1.051136,16
synthetic_100k_1m,directed,inv_static,8,2,16,5,0.007944000,0.216902000,0.004788000,0.602719033,0.000542000,0.000881000,0.003794000,0.003635000,19,0.000000e+00,PASS,12500,12500.00,12500,111956,125000.00,130855,1.047,54185,62500.00,65696,1.051136,16
synthetic_100k_1m,directed,inv_static,8,2,16,6,0.007635000,0.211689000,0.004662000,0.610609037,0.000620000,0.000662000,0.003853000,0.003298000,19,0.000000e+00,PASS,12500,12500.00,12500,111956,125000.00,130855,1.047,54185,62500.00,65696,1.051136,16
synthetic_100k_1m,directed,inv_static,8,2,16,7,0.007502000,0.211563000,0.004578000,0.610237270,0.000683000,0.000574000,0.003890000,0.003165000,19,0.000000e+00,PASS,12500,12500.00,12500,111956,125000.00,130855,1.047,54185,62500.00,65696,1.051136,16
synthetic_100k_1m,directed,inv_static,8,2,16,8,0.009349000,0.217735000,0.006348000,0.679003102,0.000532000,0.000744000,0.005404000,0.003318000,19,0.000000e+00,PASS,12500,12500.00,12500,111956,125000.00,130855,1.047,54185,62500.00,65696,1.051136,16
synthetic_100k_1m,directed,inv_static,8,2,16,9,0.007295000,0.208895000,0.004315000,0.591501028,0.000696000,0.000513000,0.003729000,0.003074000,19,0.000000e+00,PASS,12500,12500.00,12500,111956,125000.00,130855,1.047,54185,62500.00,65696,1.051136,16
synthetic_100k_1m,directed,inv_static,8,2,16,10,0.009065000,0.220512000,0.005894000,0.650193050,0.000450000,0.001535000,0.004148000,0.004330000,19,0.000000e+00,PASS,12500,12500.00,12500,111956,125000.00,130855,1.047,54185,62500.00,65696,1.051136,16
synthetic_100k_1m,directed,inv_static,16,1,16,1,0.008228000,0.211875000,0.006369000,0.774064171,0.000611000,0.001427000,0.004741000,0.002813000,19,0.000000e+00,PASS,6250,6250.00,6250,54185,62500.00,65696,1.051,54185,62500.00,65696,1.051136,16
synthetic_100k_1m,directed,inv_static,16,1,16,2,0.008575000,0.216790000,0.006372000,0.743090379,0.000771000,0.001496000,0.004708000,0.003174000,19,0.000000e+00,PASS,6250,6250.00,6250,54185,62500.00,65696,1.051,54185,62500.00,65696,1.051136,16
synthetic_100k_1m,directed,inv_static,16,1,16,3,0.008218000,0.216135000,0.006272000,0.763202726,0.000671000,0.001525000,0.004578000,0.003005000,19,0.000000e+00,PASS,6250,6250.00,6250,54185,62500.00,65696,1.051,54185,62500.00,65696,1.051136,16
synthetic_100k_1m,directed,inv_static,16,1,16,4,0.008164000,0.212118000,0.006230000,0.763106320,0.000670000,0.001218000,0.004849000,0.002700000,19,0.000000e+00,PASS,6250,6250.00,6250,54185,62500.00,65696,1.051,54185,62500.00,65696,1.051136,16
synthetic_100k_1m,directed,inv_static,16,1,16,5,0.007363000,0.210005000,0.005511000,0.748472090,0.000509000,0.000981000,0.004319000,0.002511000,19,0.000000e+00,PASS,6250,6250.00,6250,54185,62500.00,65696,1.051,54185,62500.00,65696,1.051136,16
synthetic_100k_1m,directed,inv_static,16,1,16,6,0.011839000,0.220768000,0.009946000,0.840104739,0.002266000,0.001744000,0.007883000,0.003240000,19,0.000000e+00,PASS,6250,6250.00,6250,54185,62500.00,65696,1.051,54185,62500.00,65696,1.051136,16
synthetic_100k_1m,directed,inv_static,16,1,16,7,0.007311000,0.224700000,0.005441000,0.744221037,0.000752000,0.001034000,0.004193000,0.002584000,19,0.000000e+00,PASS,6250,6250.00,6250,54185,62500.00,65696,1.051,54185,62500.00,65696,1.051136,16
synthetic_100k_1m,directed,inv_static,16,1,16,8,0.009612000,0.263827000,0.007736000,0.804827299,0.000724000,0.002329000,0.005110000,0.003904000,19,0.000000e+00,PASS,6250,6250.00,6250,54185,62500.00,65696,1.051,54185,62500.00,65696,1.051136,16
synthetic_100k_1m,directed,inv_static,16,1,16,9,0.010063000,0.273339000,0.007961000,0.791115969,0.000810000,0.001822000,0.005946000,0.003088000,19,0.000000e+00,PASS,6250,6250.00,6250,54185,62500.00,65696,1.051,54185,62500.00,65696,1.051136,16
synthetic_100k_1m,directed,inv_static,16,1,16,10,0.009610000,0.225425000,0.007059000,0.734547347,0.001151000,0.001599000,0.005245000,0.003591000,19,0.000000e+00,PASS,6250,6250.00,6250,54185,62500.00,65696,1.051,54185,62500.00,65696,1.051136,16
synthetic_100k_1m,directed,no_inv_dynamic,1,1,1,1,0.033403000,0.225534000,0.000402000,0.012034847,0.000004000,0.000006000,0.000392000,0.030684000,19,1.016440e-20,PASS,100000,100000.00,100000,1000000,1000000.00,1000000,1.000,1000000,1000000.00,1000000,1.000000,1
synthetic_100k_1m,directed,no_inv_dynamic,1,1,1,2,0.039192000,0.230841000,0.000441000,0.011252296,0.000003000,0.000006000,0.000432000,0.036141000,19,1.016440e-20,PASS,100000,100000.00,100000,1000000,1000000.00,1000000,1.000,1000000,1000000.00,1000000,1.000000,1
synthetic_100k_1m,directed,no_inv_dynamic,1,1,1,3,0.032619000,0.227457000,0.000355000,0.010883228,0.000003000,0.000005000,0.000347000,0.029882000,19,1.016440e-20,PASS,100000,100000.00,100000,1000000,1000000.00,1000000,1.000,1000000,1000000.00,1000000,1.000000,1
synthetic_100k_1m,directed,no_inv_dynamic,1,1,1,4,0.032008000,0.222732000,0.000373000,0.011653337,0.000003000,0.000004000,0.000366000,0.029397000,19,1.016440e-20,PASS,100000,100000.00,100000,1000000,1000000.00,1000000,1.000,1000000,1000000.00,1000000,1.000000,1
synthetic_100k_1m,directed,no_inv_dynamic,1,1,1,5,0.031980000,0.220714000,0.000386000,0.012070044,0.000003000,0.000006000,0.000377000,0.029237000,19,1.016440e-20,PASS,100000,100000.00,100000,1000000,1000000.00,1000000,1.000,1000000,1000000.00,1000000,1.000000,1
synthetic_100k_1m,directed,no_inv_dynamic,1,1,1,6,0.035901000,0.221636000,0.000441000,0.012283780,0.000003000,0.000006000,0.000433000,0.033142000,19,1.016440e-20,PASS,100000,100000.00,100000,1000000,1000000.00,1000000,1.000,1000000,1000000.00,1000000,1.000000,1
synthetic_100k_1m,directed,no_inv_dynamic,1,1,1,7,0.038473000,0.226397000,0.000437000,0.011358615,0.000003000,0.000005000,0.000428000,0.035339000,19,1.016440e-20,PASS,100000,100000.00,100000,1000000,1000000.00,1000000,1.000,1000000,1000000.00,1000000,1.000000,1
synthetic_100k_1m,directed,no_inv_dynamic,1,1,1,8,0.033660000,0.219972000,0.000394000,0.011705288,0.000003000,0.000005000,0.000386000,0.031138000,19,1.016440e-20,PASS,100000,100000.00,100000,1000000,1000000.00,1000000,1.000,1000000,1000000.00,1000000,1.000000,1
synthetic_100k_1m,directed,no_inv_dynamic,1,1,1,9,0.031163000,0.221237000,0.000369000,0.011840965,0.000003000,0.000005000,0.000360000,0.028383000,19,1.016440e-20,PASS,100000,100000.00,100000,1000000,1000000.00,1000000,1.000,1000000,1000000.00,1000000,1.000000,1
synthetic_100k_1m,directed,no_inv_dynamic,1,1,1,10,0.039188000,0.223868000,0.000430000,0.010972747,0.000003000,0.000005000,0.000423000,0.035913000,19,1.016440e-20,PASS,100000,100000.00,100000,1000000,1000000.00,1000000,1.000,1000000,1000000.00,1000000,1.000000,1
synthetic_100k_1m,directed,no_inv_dynamic,1,2,2,1,0.021685000,0.209593000,0.001084000,0.049988471,0.000003000,0.000005000,0.001077000,0.019156000,19,1.016440e-20,PASS,100000,100000.00,100000,1000000,1000000.00,1000000,1.000,488081,500000.00,511919,1.023838,2
synthetic_100k_1m,directed,no_inv_dynamic,1,2,2,2,0.026027000,0.287291000,0.001208000,0.046413340,0.000004000,0.000006000,0.001198000,0.023343000,19,1.016440e-20,PASS,100000,100000.00,100000,1000000,1000000.00,1000000,1.000,367602,500000.00,632398,1.264796,2
synthetic_100k_1m,directed,no_inv_dynamic,1,2,2,3,0.022770000,0.213654000,0.001095000,0.048089592,0.000003000,0.000006000,0.001086000,0.019991000,19,1.016440e-20,PASS,100000,100000.00,100000,1000000,1000000.00,1000000,1.000,402485,500000.00,597515,1.195030,2
synthetic_100k_1m,directed,no_inv_dynamic,1,2,2,4,0.020802000,0.207439000,0.001080000,0.051918085,0.000002000,0.000006000,0.001071000,0.018284000,19,1.016440e-20,PASS,100000,100000.00,100000,1000000,1000000.00,1000000,1.000,435010,500000.00,564990,1.129980,2
synthetic_100k_1m,directed,no_inv_dynamic,1,2,2,5,0.022805000,0.215607000,0.001112000,0.048761237,0.000003000,0.000006000,0.001104000,0.020060000,19,1.016440e-20,PASS,100000,100000.00,100000,1000000,1000000.00,1000000,1.000,431889,500000.00,568111,1.136222,2
synthetic_100k_1m,directed,no_inv_dynamic,1,2,2,6,0.019605000,0.215346000,0.001078000,0.054985973,0.000003000,0.000006000,0.001069000,0.017146000,19,1.016440e-20,PASS,100000,100000.00,100000,1000000,1000000.00,1000000,1.000,498265,500000.00,501735,1.003470,2
synthetic_100k_1m,directed,no_inv_dynamic,1,2,2,7,0.018820000,0.209361000,0.001058000,0.056216791,0.000003000,0.000004000,0.001050000,0.016508000,19,1.016440e-20,PASS,100000,100000.00,100000,1000000,1000000.00,1000000,1.000,488059,500000.00,511941,1.023882,2
synthetic_100k_1m,directed,no_inv_dynamic,1,2,2,8,0.019135000,0.211994000,0.001065000,0.055657173,0.000003000,0.000004000,0.001058000,0.016781000,19,1.016440e-20,PASS,100000,100000.00,100000,1000000,1000000.00,1000000,1.000,487229,500000.00,512771,1.025542,2
synthetic_100k_1m,directed,no_inv_dynamic,1,2,2,9,0.030895000,0.230998000,0.001180000,0.038193883,0.000003000,0.000005000,0.001171000,0.028030000,19,1.016440e-20,PASS,100000,100000.00,100000,1000000,1000000.00,1000000,1.000,499457,500000.00,500543,1.001086,2
synthetic_100k_1m,directed,no_inv_dynamic,1,2,2,10,0.023771000,0.210792000,0.001137000,0.047831391,0.000005000,0.000006000,0.001126000,0.021006000,19,1.016440e-20,PASS,100000,100000.00,100000,1000000,1000000.00,1000000,1.000,491461,500000.00,508539,1.017078,2
synthetic_100k_1m,directed,no_inv_dynamic,1,4,4,1,0.011127000,0.204851000,0.001258000,0.113058327,0.000003000,0.000004000,0.001252000,0.009036000,19,1.016440e-20,PASS,100000,100000.00,100000,1000000,1000000.00,1000000,1.000,242382,250000.00,253740,1.014960,4
synthetic_100k_1m,directed,no_inv_dynamic,1,4,4,2,0.012966000,0.205775000,0.001382000,0.106586457,0.000003000,0.000004000,0.001374000,0.010681000,19,1.016440e-20,PASS,100000,100000.00,100000,1000000,1000000.00,1000000,1.000,248189,250000.00,250978,1.003912,4
synthetic_100k_1m,directed,no_inv_dynamic,1,4,4,3,0.010507000,0.208480000,0.001219000,0.116017893,0.000003000,0.000004000,0.001212000,0.008477000,19,1.016440e-20,PASS,100000,100000.00,100000,1000000,1000000.00,1000000,1.000,224233,250000.00,269086,1.076344,4
synthetic_100k_1m,directed,no_inv_dynamic,1,4,4,4,0.010584000,0.200247000,0.001254000,0.118480726,0.000004000,0.000004000,0.001247000,0.008549000,19,1.016440e-20,PASS,100000,100000.00,100000,1000000,1000000.00,1000000,1.000,185358,250000.00,285802,1.143208,4
synthetic_100k_1m,directed,no_inv_dynamic,1,4,4,5,0.010589000,0.207313000,0.001223000,0.115497214,0.000003000,0.000004000,0.001216000,0.008599000,19,1.016440e-20,PASS,100000,100000.00,100000,1000000,1000000.00,1000000,1.000,217009,250000.00,278968,1.115872,4
synthetic_100k_1m,directed,no_inv_dynamic,1,4,4,6,0.011299000,0.209372000,0.001238000,0.109567218,0.000003000,0.000005000,0.001230000,0.009265000,19,1.016440e-20,PASS,100000,100000.00,100000,1000000,1000000.00,1000000,1.000,242221,250000.00,268279,1.073116,4
synthetic_100k_1m,directed,no_inv_dynamic,1,4,4,7,0.013423000,0.266006000,0.001437000,0.107055055,0.000005000,0.000007000,0.001425000,0.011021000,19,1.016440e-20,PASS,100000,100000.00,100000,1000000,1000000.00,1000000,1.000,183049,250000.00,273882,1.095528,4
synthetic_100k_1m,directed,no_inv_dynamic,1,4,4,8,0.011668000,0.205998000,0.001328000,0.113815564,0.000003000,0.000005000,0.001320000,0.009562000,19,1.016440e-20,PASS,100000,100000.00,100000,1000000,1000000.00,1000000,1.000,186887,250000.00,290673,1.162692,4
synthetic_100k_1m,directed,no_inv_dynamic,1,4,4,9,0.010940000,0.212482000,0.001298000,0.118647166,0.000003000,0.000003000,0.001291000,0.008817000,19,1.016440e-20,PASS,100000,100000.00,100000,1000000,1000000.00,1000000,1.000,243129,250000.00,265103,1.060412,4
synthetic_100k_1m,directed,no_inv_dynamic,1,4,4,10,0.010574000,0.214178000,0.001251000,0.118309060,0.000003000,0.000004000,0.001244000,0.008602000,19,1.016440e-20,PASS,100000,100000.00,100000,1000000,1000000.00,1000000,1.000,247540,250000.00,251616,1.006464,4
synthetic_100k_1m,directed,no_inv_dynamic,1,8,8,1,0.006524000,0.200177000,0.001257000,0.192673207,0.000003000,0.000003000,0.001251000,0.004763000,19,1.016440e-20,PASS,100000,100000.00,100000,1000000,1000000.00,1000000,1.000,110149,125000.00,146353,1.170824,8
synthetic_100k_1m,directed,no_inv_dynamic,1,8,8,2,0.006973000,0.203190000,0.001840000,0.263874946,0.000003000,0.000003000,0.001834000,0.004645000,19,1.016440e-20,PASS,100000,100000.00,100000,1000000,1000000.00,1000000,1.000,102789,125000.00,148604,1.188832,8
synthetic_100k_1m,directed,no_inv_dynamic,1,8,8,3,0.011644000,0.211212000,0.001357000,0.116540708,0.000003000,0.000003000,0.001350000,0.009755000,19,1.016440e-20,PASS,100000,100000.00,100000,1000000,1000000.00,1000000,1.000,87269,125000.00,164538,1.316304,8
synthetic_100k_1m,directed,no_inv_dynamic,1,8,8,4,0.007691000,0.199151000,0.001423000,0.185021454,0.000003000,0.000003000,0.001417000,0.005714000,19,1.016440e-20,PASS,100000,100000.00,100000,1000000,1000000.00,1000000,1.000,112929,125000.00,145043,1.160344,8
synthetic_100k_1m,directed,no_inv_dynamic,1,8,8,5,0.006669000,0.199606000,0.001634000,0.245014245,0.000003000,0.000005000,0.001627000,0.004535000,19,1.016440e-20,PASS,100000,100000.00,100000,1000000,1000000.00,1000000,1.000,114994,125000.00,143886,1.151088,8
synthetic_100k_1m,directed,no_inv_dynamic,1,8,8,6,0.006261000,0.200331000,0.001262000,0.201565245,0.000003000,0.000003000,0.001257000,0.004513000,19,1.016440e-20,PASS,100000,100000.00,100000,1000000,1000000.00,1000000,1.000,114681,125000.00,147375,1.179000,8
synthetic_100k_1m,directed,no_inv_dynamic,1,8,8,7,0.006673000,0.209366000,0.001514000,0.226884460,0.000004000,0.000004000,0.001506000,0.004658000,19,1.016440e-20,PASS,100000,100000.00,100000,1000000,1000000.00,1000000,1.000,110143,125000.00,146147,1.169176,8
synthetic_100k_1m,directed,no_inv_dynamic,1,8,8,8,0.006352000,0.205491000,0.001287000,0.202613350,0.000004000,0.000003000,0.001280000,0.004551000,19,1.016440e-20,PASS,100000,100000.00,100000,1000000,1000000.00,1000000,1.000,109972,125000.00,146345,1.170760,8
synthetic_100k_1m,directed,no_inv_dynamic,1,8,8,9,0.006500000,0.204344000,0.001456000,0.224000000,0.000004000,0.000004000,0.001448000,0.004565000,19,1.016440e-20,PASS,100000,100000.00,100000,1000000,1000000.00,1000000,1.000,110400,125000.00,144270,1.154160,8
synthetic_100k_1m,directed,no_inv_dynamic,1,8,8,10,0.008545000,0.217768000,0.001516000,0.177413692,0.000003000,0.000003000,0.001510000,0.006424000,19,1.016440e-20,PASS,100000,100000.00,100000,1000000,1000000.00,1000000,1.000,102065,125000.00,136951,1.095608,8
synthetic_100k_1m,directed,no_inv_dynamic,1,16,16,1,0.005668000,0.194001000,0.001794000,0.316513761,0.000003000,0.000003000,0.001788000,0.003484000,19,1.016440e-20,PASS,100000,100000.00,100000,1000000,1000000.00,1000000,1.000,51602,62500.00,78655,1.258480,16
synthetic_100k_1m,directed,no_inv_dynamic,1,16,16,2,0.010622000,0.195838000,0.001407000,0.132460930,0.000002000,0.000002000,0.001402000,0.004525000,19,1.016440e-20,PASS,100000,100000.00,100000,1000000,1000000.00,1000000,1.000,58903,62500.00,66634,1.066144,16
synthetic_100k_1m,directed,no_inv_dynamic,1,16,16,3,0.004360000,0.245588000,0.001305000,0.299311927,0.000002000,0.000002000,0.001300000,0.002710000,19,1.016440e-20,PASS,100000,100000.00,100000,1000000,1000000.00,1000000,1.000,38573,62500.00,79489,1.271824,16
synthetic_100k_1m,directed,no_inv_dynamic,1,16,16,4,0.004692000,0.255768000,0.001532000,0.326513214,0.000005000,0.000004000,0.001524000,0.002771000,19,1.016440e-20,PASS,100000,100000.00,100000,1000000,1000000.00,1000000,1.000,42462,62500.00,68909,1.102544,16
synthetic_100k_1m,directed,no_inv_dynamic,1,16,16,5,0.017793000,0.244485000,0.001605000,0.090204013,0.000004000,0.000004000,0.001597000,0.011838000,19,1.016440e-20,PASS,100000,100000.00,100000,1000000,1000000.00,1000000,1.000,48803,62500.00,84089,1.345424,16
synthetic_100k_1m,directed,no_inv_dynamic,1,16,16,6,0.004333000,0.192315000,0.001314000,0.303254096,0.000003000,0.000003000,0.001308000,0.002686000,19,1.016440e-20,PASS,100000,100000.00,100000,1000000,1000000.00,1000000,1.000,57015,62500.00,77187,1.234992,16
synthetic_100k_1m,directed,no_inv_dynamic,1,16,16,7,0.004594000,0.191960000,0.001352000,0.294296909,0.000003000,0.000003000,0.001346000,0.002901000,19,1.016440e-20,PASS,100000,100000.00,100000,1000000,1000000.00,1000000,1.000,55850,62500.00,80609,1.289744,16
synthetic_100k_1m,directed,no_inv_dynamic,1,16,16,8,0.004406000,0.196491000,0.001309000,0.297094871,0.000002000,0.000002000,0.001305000,0.002748000,19,1.016440e-20,PASS,100000,100000.00,100000,1000000,1000000.00,1000000,1.000,43884,62500.00,84857,1.357712,16
synthetic_100k_1m,directed,no_inv_dynamic,1,16,16,9,0.004581000,0.205962000,0.001352000,0.295132067,0.000003000,0.000003000,0.001346000,0.002881000,19,1.016440e-20,PASS,100000,100000.00,100000,1000000,1000000.00,1000000,1.000,45792,62500.00,79873,1.277968,16
synthetic_100k_1m,directed,no_inv_dynamic,1,16,16,10,0.004651000,0.200562000,0.001604000,0.344872071,0.000003000,0.000002000,0.001599000,0.002701000,19,1.016440e-20,PASS,100000,100000.00,100000,1000000,1000000.00,1000000,1.000,56325,62500.00,79091,1.265456,16
synthetic_100k_1m,directed,no_inv_dynamic,2,8,16,1,0.007282000,0.220490000,0.003306000,0.453996155,0.000239000,0.000435000,0.002826000,0.003737000,19,1.016440e-20,PASS,50000,50000.00,50000,482497,500000.00,517503,1.035,54346,62500.00,93907,1.502512,16
synthetic_100k_1m,directed,no_inv_dynamic,2,8,16,2,0.004871000,0.204511000,0.001958000,0.401970848,0.000086000,0.000187000,0.001744000,0.002737000,19,1.016440e-20,PASS,50000,50000.00,50000,482497,500000.00,517503,1.035,49426,62500.00,83062,1.328992,16
synthetic_100k_1m,directed,no_inv_dynamic,2,8,16,3,0.005793000,0.202153000,0.002285000,0.394441567,0.000218000,0.000391000,0.001834000,0.003238000,19,1.016440e-20,PASS,50000,50000.00,50000,482497,500000.00,517503,1.035,31641,62500.00,97004,1.552064,16
synthetic_100k_1m,directed,no_inv_dynamic,2,8,16,4,0.004911000,0.200795000,0.002062000,0.419873753,0.000089000,0.000266000,0.001770000,0.002771000,19,1.016440e-20,PASS,50000,50000.00,50000,482497,500000.00,517503,1.035,45125,62500.00,81232,1.299712,16
synthetic_100k_1m,directed,no_inv_dynamic,2,8,16,5,0.016815000,0.213229000,0.007983000,0.474754683,0.005486000,0.005033000,0.002362000,0.008492000,19,1.016440e-20,PASS,50000,50000.00,50000,482497,500000.00,517503,1.035,35032,62500.00,74280,1.188480,16
synthetic_100k_1m,directed,no_inv_dynamic,2,8,16,6,0.005488000,0.214085000,0.002090000,0.380830904,0.000188000,0.000200000,0.001774000,0.003093000,19,1.016440e-20,PASS,50000,50000.00,50000,482497,500000.00,517503,1.035,52057,62500.00,98470,1.575520,16
synthetic_100k_1m,directed,no_inv_dynamic,2,8,16,7,0.005676000,0.197247000,0.002720000,0.479210712,0.000054000,0.000383000,0.002323000,0.002946000,19,1.016440e-20,PASS,50000,50000.00,50000,482497,500000.00,517503,1.035,53169,62500.00,79965,1.279440,16
synthetic_100k_1m,directed,no_inv_dynamic,2,8,16,8,0.005227000,0.202084000,0.002075000,0.396977234,0.000193000,0.000244000,0.001745000,0.002846000,19,1.016440e-20,PASS,50000,50000.00,50000,482497,500000.00,517503,1.035,45106,62500.00,98469,1.575504,16
synthetic_100k_1m,directed,no_inv_dynamic,2,8,16,9,0.005619000,0.198209000,0.002042000,0.363409859,0.000089000,0.000106000,0.001892000,0.003276000,19,1.016440e-20,PASS,50000,50000.00,50000,482497,500000.00,517503,1.035,52166,62500.00,93961,1.503376,16
synthetic_100k_1m,directed,no_inv_dynamic,2,8,16,10,0.005703000,0.202924000,0.002157000,0.378221988,0.000066000,0.000248000,0.001873000,0.003374000,19,1.016440e-20,PASS,50000,50000.00,50000,482497,500000.00,517503,1.035,47756,62500.00,85473,1.367568,16
synthetic_100k_1m,directed,no_inv_dynamic,4,4,16,1,0.007390000,0.216410000,0.004143000,0.560622463,0.000566000,0.000474000,0.003567000,0.003160000,19,1.016440e-20,PASS,25000,25000.00,25000,232755,250000.00,261014,1.044,42659,62500.00,82943,1.327088,16
synthetic_100k_1m,directed,no_inv_dynamic,4,4,16,2,0.006630000,0.216325000,0.003735000,0.563348416,0.000492000,0.000267000,0.003292000,0.002745000,19,1.016440e-20,PASS,25000,25000.00,25000,232755,250000.00,261014,1.044,47100,62500.00,89235,1.427760,16
synthetic_100k_1m,directed,no_inv_dynamic,4,4,16,3,0.007377000,0.218188000,0.004007000,0.543174732,0.000285000,0.000398000,0.003476000,0.003379000,19,1.016440e-20,PASS,25000,25000.00,25000,232755,250000.00,261014,1.044,47877,62500.00,87010,1.392160,16
synthetic_100k_1m,directed,no_inv_dynamic,4,4,16,4,0.008385000,0.218713000,0.005354000,0.638521169,0.000293000,0.000225000,0.004956000,0.002882000,19,1.016440e-20,PASS,25000,25000.00,25000,232755,250000.00,261014,1.044,45306,62500.00,88269,1.412304,16
synthetic_100k_1m,directed,no_inv_dynamic,4,4,16,5,0.006063000,0.235414000,0.003186000,0.525482434,0.000608000,0.000217000,0.002900000,0.002743000,19,1.016440e-20,PASS,25000,25000.00,25000,232755,250000.00,261014,1.044,47709,62500.00,88533,1.416528,16
synthetic_100k_1m,directed,no_inv_dynamic,4,4,16,6,0.008136000,0.225110000,0.005288000,0.649950836,0.000362000,0.000280000,0.004834000,0.002734000,19,1.016440e-20,PASS,25000,25000.00,25000,232755,250000.00,261014,1.044,48775,62500.00,89807,1.436912,16
synthetic_100k_1m,directed,no_inv_dynamic,4,4,16,7,0.006600000,0.217336000,0.003770000,0.571212121,0.000540000,0.000639000,0.003025000,0.003128000,19,1.016440e-20,PASS,25000,25000.00,25000,232755,250000.00,261014,1.044,43667,62500.00,92253,1.476048,16
synthetic_100k_1m,directed,no_inv_dynamic,4,4,16,8,0.006351000,0.213766000,0.003484000,0.548575028,0.000318000,0.000235000,0.003065000,0.002766000,19,1.016440e-20,PASS,25000,25000.00,25000,232755,250000.00,261014,1.044,48957,62500.00,89769,1.436304,16
synthetic_100k_1m,directed,no_inv_dynamic,4,4,16,9,0.007664000,0.214764000,0.004681000,0.610777662,0.000486000,0.000378000,0.004180000,0.003012000,19,1.016440e-20,PASS,25000,25000.00,25000,232755,250000.00,261014,1.044,45093,62500.00,92082,1.473312,16
synthetic_100k_1m,directed,no_inv_dynamic,4,4,16,10,0.006816000,0.222567000,0.003924000,0.575704225,0.000255000,0.000288000,0.003595000,0.002800000,19,1.016440e-20,PASS,25000,25000.00,25000,232755,250000.00,261014,1.044,49589,62500.00,88311,1.412976,16
synthetic_100k_1m,directed,no_inv_dynamic,8,2,16,1,0.008050000,0.211093000,0.004794000,0.595527950,0.000517000,0.000418000,0.004302000,0.003277000,19,1.016440e-20,PASS,12500,12500.00,12500,111956,125000.00,130855,1.047,42934,62500.00,80322,1.285152,16
synthetic_100k_1m,directed,no_inv_dynamic,8,2,16,2,0.008130000,0.220307000,0.004923000,0.605535055,0.000566000,0.000990000,0.003705000,0.003839000,19,1.016440e-20,PASS,12500,12500.00,12500,111956,125000.00,130855,1.047,40829,62500.00,85141,1.362256,16
synthetic_100k_1m,directed,no_inv_dynamic,8,2,16,3,0.009036000,0.217017000,0.005780000,0.639663568,0.000313000,0.001353000,0.004325000,0.004196000,19,1.016440e-20,PASS,12500,12500.00,12500,111956,125000.00,130855,1.047,39061,62500.00,83861,1.341776,16
synthetic_100k_1m,directed,no_inv_dynamic,8,2,16,4,0.008848000,0.216872000,0.005417000,0.612228752,0.000542000,0.001429000,0.003878000,0.004535000,19,1.016440e-20,PASS,12500,12500.00,12500,111956,125000.00,130855,1.047,42499,62500.00,81254,1.300064,16
synthetic_100k_1m,directed,no_inv_dynamic,8,2,16,5,0.007458000,0.215362000,0.004244000,0.569053366,0.000710000,0.000430000,0.003735000,0.003255000,19,1.016440e-20,PASS,12500,12500.00,12500,111956,125000.00,130855,1.047,42705,62500.00,82356,1.317696,16
synthetic_100k_1m,directed,no_inv_dynamic,8,2,16,6,0.009298000,0.210309000,0.005551000,0.597010110,0.000361000,0.001074000,0.004331000,0.004167000,19,1.016440e-20,PASS,12500,12500.00,12500,111956,125000.00,130855,1.047,43527,62500.00,75674,1.210784,16
synthetic_100k_1m,directed,no_inv_dynamic,8,2,16,7,0.009224000,0.217770000,0.005975000,0.647766696,0.000582000,0.000597000,0.005185000,0.003363000,19,1.016440e-20,PASS,12500,12500.00,12500,111956,125000.00,130855,1.047,43890,62500.00,76943,1.231088,16
synthetic_100k_1m,directed,no_inv_dynamic,8,2,16,8,0.010752000,0.230714000,0.006214000,0.577938988,0.000517000,0.001062000,0.004741000,0.005037000,19,1.016440e-20,PASS,12500,12500.00,12500,111956,125000.00,130855,1.047,39267,62500.00,89460,1.431360,16
synthetic_100k_1m,directed,no_inv_dynamic,8,2,16,9,0.017807000,0.244389000,0.013719000,0.770427360,0.002445000,0.007389000,0.004273000,0.010604000,19,1.016440e-20,PASS,12500,12500.00,12500,111956,125000.00,130855,1.047,41762,62500.00,80376,1.286016,16
synthetic_100k_1m,directed,no_inv_dynamic,8,2,16,10,0.008358000,0.224708000,0.005146000,0.615697535,0.000730000,0.000967000,0.004052000,0.003822000,19,1.016440e-20,PASS,12500,12500.00,12500,111956,125000.00,130855,1.047,41252,62500.00,80791,1.292656,16
synthetic_100k_1m,directed,no_inv_dynamic,16,1,16,1,0.009903000,0.226445000,0.007887000,0.796425326,0.000637000,0.002709000,0.005079000,0.004420000,19,1.016440e-20,PASS,6250,6250.00,6250,54185,62500.00,65696,1.051,54185,62500.00,65696,1.051136,16
synthetic_100k_1m,directed,no_inv_dynamic,16,1,16,2,0.009531000,0.223824000,0.007020000,0.736543909,0.000770000,0.002098000,0.004775000,0.003901000,19,1.016440e-20,PASS,6250,6250.00,6250,54185,62500.00,65696,1.051,54185,62500.00,65696,1.051136,16
synthetic_100k_1m,directed,no_inv_dynamic,16,1,16,3,0.008330000,0.221851000,0.006186000,0.742617047,0.000554000,0.001458000,0.004535000,0.003238000,19,1.016440e-20,PASS,6250,6250.00,6250,54185,62500.00,65696,1.051,54185,62500.00,65696,1.051136,16
synthetic_100k_1m,directed,no_inv_dynamic,16,1,16,4,0.009247000,0.270230000,0.007356000,0.795501244,0.000552000,0.002811000,0.004236000,0.004407000,19,1.016440e-20,PASS,6250,6250.00,6250,54185,62500.00,65696,1.051,54185,62500.00,65696,1.051136,16
synthetic_100k_1m,directed,no_inv_dynamic,16,1,16,5,0.009804000,0.223447000,0.007692000,0.784577723,0.000492000,0.002989000,0.004469000,0.004157000,19,1.016440e-20,PASS,6250,6250.00,6250,54185,62500.00,65696,1.051,54185,62500.00,65696,1.051136,16
synthetic_100k_1m,directed,no_inv_dynamic,16,1,16,6,0.008826000,0.224751000,0.006497000,0.736120553,0.000672000,0.001732000,0.004543000,0.003626000,19,1.016440e-20,PASS,6250,6250.00,6250,54185,62500.00,65696,1.051,54185,62500.00,65696,1.051136,16
synthetic_100k_1m,directed,no_inv_dynamic,16,1,16,7,0.007581000,0.254858000,0.005719000,0.754385965,0.000645000,0.001324000,0.004192000,0.002642000,19,1.016440e-20,PASS,6250,6250.00,6250,54185,62500.00,65696,1.051,54185,62500.00,65696,1.051136,16
synthetic_100k_1m,directed,no_inv_dynamic,16,1,16,8,0.008473000,0.230910000,0.006607000,0.779771037,0.000628000,0.001528000,0.004786000,0.002834000,19,1.016440e-20,PASS,6250,6250.00,6250,54185,62500.00,65696,1.051,54185,62500.00,65696,1.051136,16
synthetic_100k_1m,directed,no_inv_dynamic,16,1,16,9,0.009100000,0.225080000,0.007260000,0.797802198,0.000363000,0.001277000,0.005784000,0.002726000,19,1.016440e-20,PASS,6250,6250.00,6250,54185,62500.00,65696,1.051,54185,62500.00,65696,1.051136,16
synthetic_100k_1m,directed,no_inv_dynamic,16,1,16,10,0.007605000,0.217613000,0.005804000,0.763182117,0.000727000,0.001236000,0.004281000,0.002758000,19,1.016440e-20,PASS,6250,6250.00,6250,54185,62500.00,65696,1.051,54185,62500.00,65696,1.051136,16
synthetic_100k_1m,directed,inv_dynamic,1,1,1,1,0.034189000,0.231461000,0.000435000,0.012723391,0.000004000,0.000005000,0.000426000,0.031077000,19,0.000000e+00,PASS,100000,100000.00,100000,1000000,1000000.00,1000000,1.000,1000000,1000000.00,1000000,1.000000,1
synthetic_100k_1m,directed,inv_dynamic,1,1,1,2,0.033027000,0.230596000,0.000442000,0.013382990,0.000005000,0.000007000,0.000430000,0.030023000,19,0.000000e+00,PASS,100000,100000.00,100000,1000000,1000000.00,1000000,1.000,1000000,1000000.00,1000000,1.000000,1
synthetic_100k_1m,directed,inv_dynamic,1,1,1,3,0.033375000,0.224040000,0.000416000,0.012464419,0.000004000,0.000005000,0.000408000,0.030257000,19,0.000000e+00,PASS,100000,100000.00,100000,1000000,1000000.00,1000000,1.000,1000000,1000000.00,1000000,1.000000,1
synthetic_100k_1m,directed,inv_dynamic,1,1,1,4,0.031507000,0.228081000,0.000374000,0.011870378,0.000003000,0.000005000,0.000367000,0.028696000,19,0.000000e+00,PASS,100000,100000.00,100000,1000000,1000000.00,1000000,1.000,1000000,1000000.00,1000000,1.000000,1
synthetic_100k_1m,directed,inv_dynamic,1,1,1,5,0.029857000,0.223846000,0.000369000,0.012358911,0.000003000,0.000004000,0.000362000,0.027116000,19,0.000000e+00,PASS,100000,100000.00,100000,1000000,1000000.00,1000000,1.000,1000000,1000000.00,1000000,1.000000,1
synthetic_100k_1m,directed,inv_dynamic,1,1,1,6,0.030762000,0.240096000,0.000383000,0.012450426,0.000003000,0.000005000,0.000375000,0.027871000,19,0.000000e+00,PASS,100000,100000.00,100000,1000000,1000000.00,1000000,1.000,1000000,1000000.00,1000000,1.000000,1
synthetic_100k_1m,directed,inv_dynamic,1,1,1,7,0.030958000,0.229029000,0.000389000,0.012565411,0.000003000,0.000005000,0.000381000,0.028163000,19,0.000000e+00,PASS,100000,100000.00,100000,1000000,1000000.00,1000000,1.000,1000000,1000000.00,1000000,1.000000,1
synthetic_100k_1m,directed,inv_dynamic,1,1,1,8,0.030096000,0.226246000,0.000380000,0.012626263,0.000003000,0.000004000,0.000373000,0.027499000,19,0.000000e+00,PASS,100000,100000.00,100000,1000000,1000000.00,1000000,1.000,1000000,1000000.00,1000000,1.000000,1
synthetic_100k_1m,directed,inv_dynamic,1,1,1,9,0.034923000,0.225654000,0.000413000,0.011826017,0.000004000,0.000004000,0.000405000,0.032041000,19,0.000000e+00,PASS,100000,100000.00,100000,1000000,1000000.00,1000000,1.000,1000000,1000000.00,1000000,1.000000,1
synthetic_100k_1m,directed,inv_dynamic,1,1,1,10,0.035858000,0.232118000,0.000389000,0.010848346,0.000003000,0.000005000,0.000381000,0.032735000,19,0.000000e+00,PASS,100000,100000.00,100000,1000000,1000000.00,1000000,1.000,1000000,1000000.00,1000000,1.000000,1
synthetic_100k_1m,directed,inv_dynamic,1,2,2,1,0.026476000,0.217009000,0.001196000,0.045172987,0.000003000,0.000006000,0.001186000,0.023537000,19,0.000000e+00,PASS,100000,100000.00,100000,1000000,1000000.00,1000000,1.000,383880,500000.00,616120,1.232240,2
synthetic_100k_1m,directed,inv_dynamic,1,2,2,2,0.017582000,0.208083000,0.001069000,0.060800819,0.000004000,0.000006000,0.001059000,0.015213000,19,0.000000e+00,PASS,100000,100000.00,100000,1000000,1000000.00,1000000,1.000,408269,500000.00,591731,1.183462,2
synthetic_100k_1m,directed,inv_dynamic,1,2,2,3,0.018046000,0.217116000,0.001049000,0.058129225,0.000003000,0.000004000,0.001041000,0.015644000,19,0.000000e+00,PASS,100000,100000.00,100000,1000000,1000000.00,1000000,1.000,465167,500000.00,534833,1.069666,2
synthetic_100k_1m,directed,inv_dynamic,1,2,2,4,0.021233000,0.224618000,0.001052000,0.049545519,0.000003000,0.000004000,0.001045000,0.018737000,19,0.000000e+00,PASS,100000,100000.00,100000,1000000,1000000.00,1000000,1.000,391291,500000.00,608709,1.217418,2
synthetic_100k_1m,directed,inv_dynamic,1,2,2,5,0.019071000,0.206337000,0.001079000,0.056578050,0.000003000,0.000005000,0.001071000,0.016487000,19,0.000000e+00,PASS,100000,100000.00,100000,1000000,1000000.00,1000000,1.000,452913,500000.00,547087,1.094174,2
synthetic_100k_1m,directed,inv_dynamic,1,2,2,6,0.021777000,0.212302000,0.001123000,0.051568168,0.000004000,0.000005000,0.001114000,0.019048000,19,0.000000e+00,PASS,100000,100000.00,100000,1000000,1000000.00,1000000,1.000,474947,500000.00,525053,1.050106,2
synthetic_100k_1m,directed,inv_dynamic,1,2,2,7,0.017487000,0.204888000,0.001044000,0.059701493,0.000003000,0.000004000,0.001037000,0.015235000,19,0.000000e+00,PASS,100000,100000.00,100000,1000000,1000000.00,1000000,1.000,457065,500000.00,542935,1.085870,2
synthetic_100k_1m,directed,inv_dynamic,1,2,2,8,0.021536000,0.210896000,0.001105000,0.051309435,0.000003000,0.000005000,0.001097000,0.018972000,19,0.000000e+00,PASS,100000,100000.00,100000,1000000,1000000.00,1000000,1.000,456257,500000.00,543743,1.087486,2
synthetic_100k_1m,directed,inv_dynamic,1,2,2,9,0.025257000,0.217030000,0.001116000,0.044185770,0.000003000,0.000004000,0.001109000,0.022520000,19,0.000000e+00,PASS,100000,100000.00,100000,1000000,1000000.00,1000000,1.000,436101,500000.00,563899,1.127798,2
synthetic_100k_1m,directed,inv_dynamic,1,2,2,10,0.019177000,0.214565000,0.001098000,0.057256088,0.000003000,0.000005000,0.001090000,0.016612000,19,0.000000e+00,PASS,100000,100000.00,100000,1000000,1000000.00,1000000,1.000,440036,500000.00,559964,1.119928,2
synthetic_100k_1m,directed,inv_dynamic,1,4,4,1,0.010884000,0.195413000,0.001280000,0.117603822,0.000003000,0.000004000,0.001273000,0.008759000,19,0.000000e+00,PASS,100000,100000.00,100000,1000000,1000000.00,1000000,1.000,230652,250000.00,273840,1.095360,4
synthetic_100k_1m,directed,inv_dynamic,1,4,4,2,0.010428000,0.203834000,0.001226000,0.117568086,0.000004000,0.000006000,0.001217000,0.008308000,19,0.000000e+00,PASS,100000,100000.00,100000,1000000,1000000.00,1000000,1.000,235062,250000.00,283058,1.132232,4
synthetic_100k_1m,directed,inv_dynamic,1,4,4,3,0.010441000,0.193110000,0.001306000,0.125083804,0.000003000,0.000004000,0.001299000,0.008274000,19,0.000000e+00,PASS,100000,100000.00,100000,1000000,1000000.00,1000000,1.000,226189,250000.00,289937,1.159748,4
synthetic_100k_1m,directed,inv_dynamic,1,4,4,4,0.009857000,0.202602000,0.001235000,0.125291671,0.000003000,0.000007000,0.001226000,0.007875000,19,0.000000e+00,PASS,100000,100000.00,100000,1000000,1000000.00,1000000,1.000,236711,250000.00,282425,1.129700,4
synthetic_100k_1m,directed,inv_dynamic,1,4,4,5,0.010608000,0.197713000,0.001237000,0.116610106,0.000003000,0.000003000,0.001231000,0.008477000,19,0.000000e+00,PASS,100000,100000.00,100000,1000000,1000000.00,1000000,1.000,180888,250000.00,311347,1.245388,4
synthetic_100k_1m,directed,inv_dynamic,1,4,4,6,0.012830000,0.195476000,0.001381000,0.107638348,0.000003000,0.000005000,0.001373000,0.010402000,19,0.000000e+00,PASS,100000,100000.00,100000,1000000,1000000.00,1000000,1.000,237580,250000.00,281797,1.127188,4
synthetic_100k_1m,directed,inv_dynamic,1,4,4,7,0.012353000,0.198202000,0.001432000,0.115923258,0.000003000,0.000005000,0.001424000,0.009885000,19,0.000000e+00,PASS,100000,100000.00,100000,1000000,1000000.00,1000000,1.000,237400,250000.00,283053,1.132212,4
synthetic_100k_1m,directed,inv_dynamic,1,4,4,8,0.010726000,0.197867000,0.001253000,0.116818945,0.000002000,0.000004000,0.001247000,0.008595000,19,0.000000e+00,PASS,100000,100000.00,100000,1000000,1000000.00,1000000,1.000,195056,250000.00,282067,1.128268,4
synthetic_100k_1m,directed,inv_dynamic,1,4,4,9,0.011033000,0.203078000,0.001225000,0.111030545,0.000003000,0.000004000,0.001217000,0.008923000,19,0.000000e+00,PASS,100000,100000.00,100000,1000000,1000000.00,1000000,1.000,210041,250000.00,289503,1.158012,4
synthetic_100k_1m,directed,inv_dynamic,1,4,4,10,0.010445000,0.190028000,0.001231000,0.117855433,0.000002000,0.000004000,0.001224000,0.008295000,19,0.000000e+00,PASS,100000,100000.00,100000,1000000,1000000.00,1000000,1.000,218316,250000.00,292263,1.169052,4
synthetic_100k_1m,directed,inv_dynamic,1,8,8,1,0.008423000,0.248839000,0.001667000,0.197910483,0.000005000,0.000006000,0.001656000,0.006126000,19,0.000000e+00,PASS,100000,100000.00,100000,1000000,1000000.00,1000000,1.000,98560,125000.00,137859,1.102872,8
synthetic_100k_1m,directed,inv_dynamic,1,8,8,2,0.006232000,0.250502000,0.001284000,0.206033376,0.000003000,0.000004000,0.001277000,0.004431000,19,0.000000e+00,PASS,100000,100000.00,100000,1000000,1000000.00,1000000,1.000,112967,125000.00,154198,1.233584,8
synthetic_100k_1m,directed,inv_dynamic,1,8,8,3,0.007258000,0.248968000,0.002050000,0.282446955,0.000003000,0.000003000,0.002044000,0.004692000,19,0.000000e+00,PASS,100000,100000.00,100000,1000000,1000000.00,1000000,1.000,110182,125000.00,133314,1.066512,8
synthetic_100k_1m,directed,inv_dynamic,1,8,8,4,0.006698000,0.244371000,0.001437000,0.214541654,0.000004000,0.000005000,0.001428000,0.004696000,19,0.000000e+00,PASS,100000,100000.00,100000,1000000,1000000.00,1000000,1.000,92033,125000.00,156237,1.249896,8
synthetic_100k_1m,directed,inv_dynamic,1,8,8,5,0.006423000,0.256411000,0.001350000,0.210182158,0.000004000,0.000005000,0.001342000,0.004530000,19,0.000000e+00,PASS,100000,100000.00,100000,1000000,1000000.00,1000000,1.000,95276,125000.00,133173,1.065384,8
synthetic_100k_1m,directed,inv_dynamic,1,8,8,6,0.006609000,0.212391000,0.001594000,0.241186261,0.000003000,0.000004000,0.001587000,0.004492000,19,0.000000e+00,PASS,100000,100000.00,100000,1000000,1000000.00,1000000,1.000,111528,125000.00,151464,1.211712,8
synthetic_100k_1m,directed,inv_dynamic,1,8,8,7,0.006839000,0.242856000,0.001579000,0.230881708,0.000004000,0.000005000,0.001571000,0.004689000,19,0.000000e+00,PASS,100000,100000.00,100000,1000000,1000000.00,1000000,1.000,102729,125000.00,135418,1.083344,8
synthetic_100k_1m,directed,inv_dynamic,1,8,8,8,0.006325000,0.226801000,0.001311000,0.207272727,0.000003000,0.000004000,0.001304000,0.004492000,19,0.000000e+00,PASS,100000,100000.00,100000,1000000,1000000.00,1000000,1.000,102533,125000.00,158829,1.270632,8
synthetic_100k_1m,directed,inv_dynamic,1,8,8,9,0.006912000,0.248841000,0.001587000,0.229600694,0.000004000,0.000005000,0.001579000,0.004780000,19,0.000000e+00,PASS,100000,100000.00,100000,1000000,1000000.00,1000000,1.000,94986,125000.00,159321,1.274568,8
synthetic_100k_1m,directed,inv_dynamic,1,8,8,10,0.007732000,0.258179000,0.001532000,0.198137610,0.000004000,0.000006000,0.001523000,0.005589000,19,0.000000e+00,PASS,100000,100000.00,100000,1000000,1000000.00,1000000,1.000,107057,125000.00,135970,1.087760,8
synthetic_100k_1m,directed,inv_dynamic,1,16,16,1,0.004454000,0.246030000,0.001418000,0.318365514,0.000003000,0.000003000,0.001412000,0.002655000,19,0.000000e+00,PASS,100000,100000.00,100000,1000000,1000000.00,1000000,1.000,56513,62500.00,79406,1.270496,16
synthetic_100k_1m,directed,inv_dynamic,1,16,16,2,0.004767000,0.191172000,0.001520000,0.318858821,0.000003000,0.000004000,0.001513000,0.002885000,19,0.000000e+00,PASS,100000,100000.00,100000,1000000,1000000.00,1000000,1.000,46594,62500.00,82084,1.313344,16
synthetic_100k_1m,directed,inv_dynamic,1,16,16,3,0.004523000,0.202456000,0.001494000,0.330311740,0.000003000,0.000003000,0.001488000,0.002667000,19,0.000000e+00,PASS,100000,100000.00,100000,1000000,1000000.00,1000000,1.000,56474,62500.00,79451,1.271216,16
synthetic_100k_1m,directed,inv_dynamic,1,16,16,4,0.004372000,0.190322000,0.001407000,0.321820677,0.000003000,0.000003000,0.001401000,0.002615000,19,0.000000e+00,PASS,100000,100000.00,100000,1000000,1000000.00,1000000,1.000,54306,62500.00,81746,1.307936,16
synthetic_100k_1m,directed,inv_dynamic,1,16,16,5,0.004371000,0.190904000,0.001372000,0.313886982,0.000003000,0.000002000,0.001367000,0.002645000,19,0.000000e+00,PASS,100000,100000.00,100000,1000000,1000000.00,1000000,1.000,56689,62500.00,81889,1.310224,16
synthetic_100k_1m,directed,inv_dynamic,1,16,16,6,0.004290000,0.199111000,0.001347000,0.313986014,0.000003000,0.000003000,0.001342000,0.002594000,19,0.000000e+00,PASS,100000,100000.00,100000,1000000,1000000.00,1000000,1.000,55793,62500.00,80586,1.289376,16
synthetic_100k_1m,directed,inv_dynamic,1,16,16,7,0.004364000,0.212882000,0.001372000,0.314390467,0.000002000,0.000002000,0.001368000,0.002646000,19,0.000000e+00,PASS,100000,100000.00,100000,1000000,1000000.00,1000000,1.000,53766,62500.00,81874,1.309984,16
synthetic_100k_1m,directed,inv_dynamic,1,16,16,8,0.017205000,0.205749000,0.001519000,0.088288288,0.000003000,0.000003000,0.001512000,0.003226000,19,0.000000e+00,PASS,100000,100000.00,100000,1000000,1000000.00,1000000,1.000,46489,62500.00,71831,1.149296,16
synthetic_100k_1m,directed,inv_dynamic,1,16,16,9,0.004193000,0.208585000,0.001334000,0.318149296,0.000003000,0.000002000,0.001329000,0.002508000,19,0.000000e+00,PASS,100000,100000.00,100000,1000000,1000000.00,1000000,1.000,53686,62500.00,71877,1.150032,16
synthetic_100k_1m,directed,inv_dynamic,1,16,16,10,0.005113000,0.193952000,0.001481000,0.289653824,0.000003000,0.000003000,0.001474000,0.003212000,19,0.000000e+00,PASS,100000,100000.00,100000,1000000,1000000.00,1000000,1.000,56389,62500.00,81449,1.303184,16
synthetic_100k_1m,directed,inv_dynamic,2,8,16,1,0.006033000,0.209249000,0.003103000,0.514337809,0.000246000,0.000956000,0.002138000,0.003475000,19,0.000000e+00,PASS,50000,50000.00,50000,482497,500000.00,517503,1.035,49497,62500.00,81749,1.307984,16
synthetic_100k_1m,directed,inv_dynamic,2,8,16,2,0.005969000,0.202163000,0.002213000,0.370748869,0.000081000,0.000154000,0.002033000,0.003460000,19,0.000000e+00,PASS,50000,50000.00,50000,482497,500000.00,517503,1.035,56223,62500.00,76909,1.230544,16
synthetic_100k_1m,directed,inv_dynamic,2,8,16,3,0.005004000,0.210582000,0.002161000,0.431854516,0.000078000,0.000264000,0.001835000,0.002733000,19,0.000000e+00,PASS,50000,50000.00,50000,482497,500000.00,517503,1.035,50252,62500.00,87300,1.396800,16
synthetic_100k_1m,directed,inv_dynamic,2,8,16,4,0.004764000,0.214678000,0.002016000,0.423173804,0.000092000,0.000186000,0.001807000,0.002547000,19,0.000000e+00,PASS,50000,50000.00,50000,482497,500000.00,517503,1.035,53404,62500.00,71571,1.145136,16
synthetic_100k_1m,directed,inv_dynamic,2,8,16,5,0.005197000,0.210404000,0.002142000,0.412160862,0.000168000,0.000228000,0.001867000,0.002744000,19,0.000000e+00,PASS,50000,50000.00,50000,482497,500000.00,517503,1.035,51976,62500.00,98525,1.576400,16
synthetic_100k_1m,directed,inv_dynamic,2,8,16,6,0.005161000,0.216352000,0.002179000,0.422204999,0.000311000,0.000125000,0.001743000,0.002674000,19,0.000000e+00,PASS,50000,50000.00,50000,482497,500000.00,517503,1.035,52036,62500.00,100514,1.608224,16
synthetic_100k_1m,directed,inv_dynamic,2,8,16,7,0.005222000,0.207347000,0.002217000,0.424549981,0.000109000,0.000242000,0.001938000,0.002864000,19,0.000000e+00,PASS,50000,50000.00,50000,482497,500000.00,517503,1.035,44947,62500.00,76786,1.228576,16
synthetic_100k_1m,directed,inv_dynamic,2,8,16,8,0.004832000,0.212679000,0.001894000,0.391970199,0.000068000,0.000109000,0.001759000,0.002656000,19,0.000000e+00,PASS,50000,50000.00,50000,482497,500000.00,517503,1.035,51771,62500.00,93431,1.494896,16
synthetic_100k_1m,directed,inv_dynamic,2,8,16,9,0.005619000,0.204659000,0.002259000,0.402028831,0.000201000,0.000176000,0.001882000,0.003179000,19,0.000000e+00,PASS,50000,50000.00,50000,482497,500000.00,517503,1.035,49467,62500.00,89284,1.428544,16
synthetic_100k_1m,directed,inv_dynamic,2,8,16,10,0.004934000,0.211326000,0.002034000,0.412241589,0.000064000,0.000270000,0.001749000,0.002785000,19,0.000000e+00,PASS,50000,50000.00,50000,482497,500000.00,517503,1.035,52604,62500.00,98413,1.574608,16
synthetic_100k_1m,directed,inv_dynamic,4,4,16,1,0.012250000,0.232776000,0.008896000,0.726204082,0.005073000,0.000417000,0.004209000,0.003143000,19,0.000000e+00,PASS,25000,25000.00,25000,232755,250000.00,261014,1.044,47569,62500.00,91118,1.457888,16
synthetic_100k_1m,directed,inv_dynamic,4,4,16,2,0.007801000,0.213584000,0.004940000,0.633252147,0.000661000,0.000345000,0.004479000,0.002854000,19,0.000000e+00,PASS,25000,25000.00,25000,232755,250000.00,261014,1.044,48914,62500.00,93273,1.492368,16
synthetic_100k_1m,directed,inv_dynamic,4,4,16,3,0.007433000,0.213859000,0.003879000,0.521861967,0.000448000,0.000371000,0.003314000,0.003523000,19,0.000000e+00,PASS,25000,25000.00,25000,232755,250000.00,261014,1.044,39915,62500.00,85120,1.361920,16
synthetic_100k_1m,directed,inv_dynamic,4,4,16,4,0.008187000,0.221431000,0.004860000,0.593624038,0.000367000,0.000517000,0.004101000,0.003391000,19,0.000000e+00,PASS,25000,25000.00,25000,232755,250000.00,261014,1.044,45268,62500.00,90824,1.453184,16
synthetic_100k_1m,directed,inv_dynamic,4,4,16,5,0.006988000,0.222191000,0.003891000,0.556811677,0.000492000,0.000552000,0.003176000,0.003267000,19,0.000000e+00,PASS,25000,25000.00,25000,232755,250000.00,261014,1.044,47577,62500.00,90696,1.451136,16
synthetic_100k_1m,directed,inv_dynamic,4,4,16,6,0.006544000,0.218121000,0.003751000,0.573196822,0.000331000,0.000304000,0.003380000,0.002710000,19,0.000000e+00,PASS,25000,25000.00,25000,232755,250000.00,261014,1.044,47732,62500.00,89376,1.430016,16
synthetic_100k_1m,directed,inv_dynamic,4,4,16,7,0.006946000,0.223381000,0.003777000,0.543766196,0.000424000,0.000329000,0.003243000,0.003168000,19,0.000000e+00,PASS,25000,25000.00,25000,232755,250000.00,261014,1.044,47385,62500.00,78826,1.261216,16
synthetic_100k_1m,directed,inv_dynamic,4,4,16,8,0.006622000,0.212694000,0.003617000,0.546209604,0.000286000,0.000256000,0.003145000,0.002906000,19,0.000000e+00,PASS,25000,25000.00,25000,232755,250000.00,261014,1.044,46909,62500.00,93437,1.494992,16
synthetic_100k_1m,directed,inv_dynamic,4,4,16,9,0.006037000,0.224817000,0.003243000,0.537187345,0.000675000,0.000216000,0.002954000,0.002688000,19,0.000000e+00,PASS,25000,25000.00,25000,232755,250000.00,261014,1.044,46884,62500.00,77516,1.240256,16
synthetic_100k_1m,directed,inv_dynamic,4,4,16,10,0.006433000,0.226600000,0.003607000,0.560702627,0.000504000,0.000192000,0.003266000,0.002614000,19,0.000000e+00,PASS,25000,25000.00,25000,232755,250000.00,261014,1.044,47816,62500.00,94175,1.506800,16
synthetic_100k_1m,directed,inv_dynamic,8,2,16,1,0.008392000,0.223822000,0.004997000,0.595448046,0.000386000,0.000674000,0.004116000,0.003461000,19,0.000000e+00,PASS,12500,12500.00,12500,111956,125000.00,130855,1.047,46638,62500.00,79718,1.275488,16
synthetic_100k_1m,directed,inv_dynamic,8,2,16,2,0.007852000,0.222058000,0.004840000,0.616403464,0.000343000,0.000489000,0.004255000,0.003057000,19,0.000000e+00,PASS,12500,12500.00,12500,111956,125000.00,130855,1.047,41768,62500.00,82927,1.326832,16
synthetic_100k_1m,directed,inv_dynamic,8,2,16,3,0.015937000,0.229699000,0.012129000,0.761059170,0.001574000,0.007734000,0.003920000,0.010562000,19,0.000000e+00,PASS,12500,12500.00,12500,111956,125000.00,130855,1.047,41038,62500.00,83150,1.330400,16
synthetic_100k_1m,directed,inv_dynamic,8,2,16,4,0.009016000,0.217906000,0.005331000,0.591282165,0.000496000,0.000991000,0.004007000,0.004140000,19,0.000000e+00,PASS,12500,12500.00,12500,111956,125000.00,130855,1.047,41798,62500.00,82160,1.314560,16
synthetic_100k_1m,directed,inv_dynamic,8,2,16,5,0.008146000,0.248876000,0.005100000,0.626074147,0.000444000,0.001020000,0.003946000,0.003707000,19,0.000000e+00,PASS,12500,12500.00,12500,111956,125000.00,130855,1.047,41960,62500.00,82395,1.318320,16
synthetic_100k_1m,directed,inv_dynamic,8,2,16,6,0.007306000,0.278944000,0.004284000,0.586367369,0.000501000,0.000490000,0.003684000,0.003087000,19,0.000000e+00,PASS,12500,12500.00,12500,111956,125000.00,130855,1.047,43118,62500.00,82299,1.316784,16
synthetic_100k_1m,directed,inv_dynamic,8,2,16,7,0.009087000,0.221680000,0.005583000,0.614394190,0.000403000,0.000905000,0.004418000,0.003838000,19,0.000000e+00,PASS,12500,12500.00,12500,111956,125000.00,130855,1.047,45832,62500.00,80605,1.289680,16
synthetic_100k_1m,directed,inv_dynamic,8,2,16,8,0.010046000,0.220215000,0.006200000,0.617161059,0.000510000,0.001054000,0.004801000,0.004378000,19,0.000000e+00,PASS,12500,12500.00,12500,111956,125000.00,130855,1.047,43054,62500.00,85716,1.371456,16
synthetic_100k_1m,directed,inv_dynamic,8,2,16,9,0.008978000,0.211216000,0.005956000,0.663399421,0.000441000,0.001031000,0.004725000,0.003714000,19,0.000000e+00,PASS,12500,12500.00,12500,111956,125000.00,130855,1.047,40741,62500.00,88276,1.412416,16
synthetic_100k_1m,directed,inv_dynamic,8,2,16,10,0.007944000,0.221942000,0.004883000,0.614677744,0.000437000,0.001012000,0.003755000,0.003708000,19,0.000000e+00,PASS,12500,12500.00,12500,111956,125000.00,130855,1.047,41190,62500.00,85211,1.363376,16
synthetic_100k_1m,directed,inv_dynamic,16,1,16,1,0.009880000,0.242198000,0.007726000,0.781983806,0.000643000,0.002233000,0.005075000,0.004064000,19,0.000000e+00,PASS,6250,6250.00,6250,54185,62500.00,65696,1.051,54185,62500.00,65696,1.051136,16
synthetic_100k_1m,directed,inv_dynamic,16,1,16,2,0.008299000,0.232278000,0.005901000,0.711049524,0.000797000,0.000919000,0.004761000,0.002984000,19,0.000000e+00,PASS,6250,6250.00,6250,54185,62500.00,65696,1.051,54185,62500.00,65696,1.051136,16
synthetic_100k_1m,directed,inv_dynamic,16,1,16,3,0.010001000,0.237875000,0.007542000,0.754124588,0.000648000,0.001701000,0.005551000,0.003851000,19,0.000000e+00,PASS,6250,6250.00,6250,54185,62500.00,65696,1.051,54185,62500.00,65696,1.051136,16
synthetic_100k_1m,directed,inv_dynamic,16,1,16,4,0.008865000,0.230671000,0.006336000,0.714720812,0.000482000,0.001478000,0.004600000,0.003155000,19,0.000000e+00,PASS,6250,6250.00,6250,54185,62500.00,65696,1.051,54185,62500.00,65696,1.051136,16
synthetic_100k_1m,directed,inv_dynamic,16,1,16,5,0.011307000,0.220861000,0.008684000,0.768019811,0.003166000,0.001485000,0.006978000,0.003625000,19,0.000000e+00,PASS,6250,6250.00,6250,54185,62500.00,65696,1.051,54185,62500.00,65696,1.051136,16
synthetic_100k_1m,directed,inv_dynamic,16,1,16,6,0.010920000,0.228435000,0.008370000,0.766483516,0.000640000,0.001392000,0.006699000,0.003495000,19,0.000000e+00,PASS,6250,6250.00,6250,54185,62500.00,65696,1.051,54185,62500.00,65696,1.051136,16
synthetic_100k_1m,directed,inv_dynamic,16,1,16,7,0.007674000,0.232568000,0.005668000,0.738597863,0.000712000,0.001233000,0.004198000,0.002962000,19,0.000000e+00,PASS,6250,6250.00,6250,54185,62500.00,65696,1.051,54185,62500.00,65696,1.051136,16
synthetic_100k_1m,directed,inv_dynamic,16,1,16,8,0.010477000,0.231699000,0.008379000,0.799751837,0.000663000,0.002348000,0.005789000,0.004110000,19,0.000000e+00,PASS,6250,6250.00,6250,54185,62500.00,65696,1.051,54185,62500.00,65696,1.051136,16
synthetic_100k_1m,directed,inv_dynamic,16,1,16,9,0.009257000,0.256175000,0.007365000,0.795614130,0.000966000,0.000867000,0.006351000,0.002432000,19,0.000000e+00,PASS,6250,6250.00,6250,54185,62500.00,65696,1.051,54185,62500.00,65696,1.051136,16
synthetic_100k_1m,directed,inv_dynamic,16,1,16,10,0.008739000,0.265102000,0.006800000,0.778121066,0.000569000,0.002332000,0.004320000,0.003801000,19,0.000000e+00,PASS,6250,6250.00,6250,54185,62500.00,65696,1.051,54185,62500.00,65696,1.051136,16
